cookie_id,score
ck_315fb710a0e371e7,0.003617137915355982
ck_a76ee3b3e3e522fd,0.036747737324697945
ck_94c9a4d382689e82,0.028287432527399924
ck_8eaf9509ad9462a0,0.002847185058645478
ck_9a88a5a989cb5bc6,0.05245620847905511
ck_15239ef0689c1a35,0.02838048278755211
ck_8de69cd219d3b87f,0.87119943124912
ck_f92cd37022b0ce21,0.013531724362398358
ck_1a3ff7620580a514,0.010833681956217579
ck_397c03aa33a57310,0.051025420291621375
ck_a7cf6c3b322f6b7a,0.009159195128493378
ck_c39a9e75760e3201,0.0038254341341200726
ck_88ab6d245228c38e,0.002352094716857325
ck_17733f75ebdea93e,0.004694946979955385
ck_58eb871e8d7bed52,0.023815537782457766
ck_e55b7fa67db1ec27,0.0038138612360253976
ck_62f5cfe22c952694,0.0049378649333586995
ck_7fbb709a0fe95759,0.0028601310588553643
ck_87abe9cd066a20fb,0.01819631192772215
ck_d58e058b5c553dd5,0.005139079329407311
ck_d27b872648b71202,0.003345353873301774
ck_4b4a3c5b95c55b43,0.002606860282738266
ck_66dd4f4b4127256d,0.0024662255772785763
ck_93cc12703b500613,0.03336703251635514
ck_d28806a2179092eb,0.9601603427234116
ck_0595c2a0c7881e05,0.002517765857287759
ck_50087d8666191144,0.2672433481071645
ck_b08b3f089138c901,0.024679752641559468
ck_fe3b67041dad2dd1,0.0037344016684560857
ck_8449a28f7d475d93,0.02010780921023023
ck_8642e3b6d84f49d3,0.010290454971122113
ck_e49b5e4f2f2e79db,0.30319927082932274
ck_437afe412ea4259c,0.06748081176615899
ck_569b83668d74042d,0.7249514709659082
ck_233a487d31c3e631,0.9818853752508289
ck_1fca72e03143a645,0.9030357904513812
ck_79205e31223df2ad,0.02303616937768888
ck_9625a64406ea16e3,0.00821415228405091
ck_079bd18dacb704a8,0.08596121560240431
ck_4db6d4fd2b49aa81,0.04182748764850168
ck_0dbefdac0a1868fb,0.002095061133549171
ck_24ff97ad90bdd69a,0.05714063525521249
ck_77f8c5042065d506,0.003651463953866499
ck_f11be8ce05382cec,0.005934730494293107
ck_c9d72140b0389216,0.02639413699114846
ck_69eda24e931fb36a,0.0036248803808421673
ck_ed471e496916ee15,0.0038410269585656075
ck_ff090498c4b17ac3,0.009891444160056908
ck_c3c19d6a0720915c,0.006629038081521559
ck_af02e1817cfa40b5,0.0179927820081869
ck_2df5a9fc87553eb1,0.008510282303999531
ck_4ac918e884cff336,0.013375698697746937
ck_ca149244b54ef3ad,0.002806044296836183
ck_6babe5b8674ff51f,0.03045547099289774
ck_1573878386886290,0.005420115562991158
ck_3925f8565abb7fe4,0.011745052868884165
ck_c4de808ae69c771f,0.002768723104287108
ck_a777c813551281fe,0.00515579940817616
ck_df4424f6dd85080d,0.023079109464401934
ck_85e5494ec20383ae,0.0062854675550104685
ck_f71a4094e889c3af,0.004646299518577165
ck_f2f3cf9cd23b2809,0.01607052173626963
ck_18e2076397bcc211,0.1448162886482048
ck_c9f9fddef39bc664,0.025319406977422857
ck_7e826e233d6ea028,0.03636884018273804
ck_62fd7eb46bee9210,0.00993521905971346
ck_206f8e3cd72768f3,0.020921316623405288
ck_aa295a11b0a6ab36,0.006354210417493455
ck_9a56739d81f84a53,0.003911509625338655
ck_aa075c418ed9fe5a,0.009478194658656462
ck_62b9fb3db284941b,0.002949742171569542
ck_f4f83b1403ebea46,0.025864539157810878
ck_16b66bd803288bc3,0.8085900639022813
ck_c4ca1434f3778f1d,0.9789551200029484
ck_1b823610371a29c0,0.0070754983345493235
ck_c2bd5a722aa637d9,0.006022570847542242
ck_7890208951df34f0,0.014580999559680147
ck_020eb0e454524ecd,0.00570287890772567
ck_3b66196ccf436c35,0.008346639120844457
ck_109fc467ec0a4af5,0.029960692749414868
ck_f3dcd818db92de7b,0.007917206743389554
ck_31e7742f160980ef,0.017609713973041865
ck_77fce5f86f00b8f4,0.1767386219680366
ck_46bc797b4d07d607,0.0035992547294552645
ck_37899b1b571b1c6b,0.010943096519163602
ck_ef8a6af43fedd464,0.0037290502389860625
ck_bcc8519fe8521038,0.03619016282977619
ck_90696b7182dd9129,0.007815129585592656
ck_4a24ad61d017e1ba,0.026357231373959008
ck_0acc3d8c67218b9d,0.004600103924985754
ck_05c97fc9de11aba6,0.7435278959186669
ck_f8ac3a0500c0ec62,0.010432658854157086
ck_617b65141f546a1c,0.003313885775135416
ck_9d00823bf60388d7,0.014698642039654552
ck_123c15d93f1840f2,0.058281363371380644
ck_573feefba6bf78bb,0.03315596398239317
ck_b25657bd16739036,0.0115964858131228
ck_bd26d2bef14a8597,0.005131016412965788
ck_a553418f2fba1440,0.009128167635126081
ck_89f3e380b0686963,0.008000629301395853
ck_b359192aa659bdce,0.07976503611928068
ck_02241f3dc301bebf,0.014864184721568956
ck_5ccc1a1c78cb33ee,0.03541045801897073
ck_349cc5edda1b8853,0.0924509750116674
ck_e9f228845bf6e28b,0.08510980132372008
ck_0a45d033d4e280ea,0.007689427514211081
ck_7e63168dda612235,0.011461715939252853
ck_676fa5f6aae5475b,0.005741838271337465
ck_74b502b20690ccfe,0.04987640707798906
ck_073509af21dd7f5f,0.9286568543394752
ck_498a0acd450944d8,0.0032702728912677964
ck_7f15b50b29dead01,0.004794237368811102
ck_8089fe7403c5f537,0.007303417109541516
ck_05b2b04e11d9ae9c,0.011048065058667154
ck_31e70f2f04b48b88,0.00234287865147506
ck_994316fa5a02b319,0.0033972040845568503
ck_b76510998b9a2260,0.005042418849988973
ck_4db95c310e105d30,0.002802028588373012
ck_6f730b77dc6cdb84,0.006498862678410113
ck_2493ee8e7b91d304,0.025228002308730856
ck_92d679d6ac7dcdcb,0.06957813617345972
ck_3a0e0200cbb185cb,0.008890699375574958
ck_0b2eeb4e00ff7955,0.02327045804834119
ck_9843d0e61c37ebe8,0.9575036983345093
ck_e61c8721e3ef1921,0.005336967568686903
ck_2e0eedaaf2980c2c,0.0029451059619475767
ck_9036b2e5e9298a34,0.004767814686381305
ck_3265442528d51728,0.0065979895550729185
ck_f2ddae2eb1cb29b4,0.007583082453543513
ck_6cfa71d27fc27f92,0.011220187604533322
ck_f3199fbe84a28b9a,0.028662481604907804
ck_b78d785ca3ef773a,0.004214665874226412
ck_374865697f1480eb,0.011783672982180736
ck_06d0e4a9189302a9,0.14132717344968862
ck_9c9884b9bcaa552e,0.16535609266963758
ck_fd4cf578e87703ff,0.021162799944035512
ck_1917ef3e6e345549,0.09480227107546686
ck_e70418b00cbbbac9,0.02914398816783625
ck_a60388296a47062c,0.025871643038570688
ck_d598fe8d2c779ab9,0.005651110274918768
ck_646dc03de4c31803,0.7938571825810337
ck_e4fd8cbd842b6993,0.005107007137956134
ck_2225b555aa2a42ed,0.015529132984636991
ck_6be8ae9d78148882,0.011414025212727127
ck_4199342d3aca74e8,0.05029502107770497
ck_779581adb573261f,0.0280643843301807
ck_bb303568b6915205,0.021811373317080832
ck_17c4296276448afe,0.0064923507139769115
ck_a60a61ac829252a0,0.007474435628795326
ck_6ea70950c1cae00b,0.9264719833667415
ck_1abb93f6924645e1,0.006423440702711923
ck_faab769cce19879a,0.043220551839318826
ck_d5b8e74e7ca6355a,0.033083541381288405
ck_f11f7691af16ad07,0.003366247560168969
ck_188fdf2be7c92e9d,0.9831932879958869
ck_4a103f8254b366f7,0.01296262727832532
ck_bfa17a0b1760e616,0.004335225372702682
ck_a4d7f6a5869d440a,0.9278243656438806
ck_58e20f5a3e7f11b8,0.5661414019054508
ck_4becdd3d2696c7ba,0.006841806835293689
ck_dad5cf32ab9f243f,0.0030443353650113736
ck_7d9f73dc7c4f90c3,0.08081122484805693
ck_c19371047a2d011d,0.004354856765335295
ck_247589ff532f7aa8,0.020196081920627315
ck_7a9f241d5f082567,0.005241482131014057
ck_0a2b7078736b4dda,0.00743510485610159
ck_687b412e2aac7eb6,0.0198857963605701
ck_fce0b6855886a0b8,0.015548850871475787
ck_e291cc60920456d0,0.1678555394122573
ck_04219a7ea798db51,0.04281659494629598
ck_286bfd719836e9f3,0.05694363202781447
ck_55efc92394fee232,0.006130020539046023
ck_e36c8da1bd359960,0.021934258003510777
ck_34b0988a97d96902,0.006326727447494144
ck_e0fb11fc9dcb34e6,0.021284624356960546
ck_bcc9cbc9ed8b7c31,0.019197782465125997
ck_3df8da6f60a89a5b,0.06055943529536848
ck_b1495ee5c59a6b28,0.008702278198015953
ck_58f4c3ac61fda129,0.0278695009779004
ck_735f244b99e3aa8d,0.01594807840499817
ck_6b93bd8abf87b1d6,0.9405382705254094
ck_12107dacc6d05bd1,0.0030282440816296378
ck_f96db2a1f3448d1f,0.007357408507738732
ck_8fd91a3c99e19097,0.211844755628269
ck_910205d25388a0ae,0.013535915839104556
ck_d229dfa0e4442628,0.004063960433168169
ck_7cdec61e1c488798,0.03273540974136996
ck_f66f06e24ff32671,0.023407274148411913
ck_350bf14e90b503f5,0.012234714151796326
ck_61fff5fdaadd394b,0.0661494195126032
ck_e934f984bad2ff91,0.9421209775132984
ck_ff6a6d3547dd2d37,0.41224901956147936
ck_65ad9b15979e3247,0.017150778974770835
ck_bbe1a2ea5a403ad8,0.7719918021491868
ck_6f3a28eecd2c4031,0.008404830048852629
ck_a89b66665714058f,0.022845964679054375
ck_918c92182b6817cd,0.01746456128876582
ck_64f5eb4be9e7b8fa,0.24758840673759702
ck_d021fd497ea35fb2,0.011710952682203509
ck_004de16f7d8a42ae,0.010772571854122693
ck_a33d2325f86ab12d,0.004927294761516671
ck_89790ff26c844bc6,0.019572600550768284
ck_e6e7257377c37b28,0.05977521732117241
ck_a2cc3910a641a808,0.8191611847762588
ck_646e270e0195bf05,0.006222771294981545
ck_baba5d66def0d770,0.026581331554633762
ck_67cdcdda3033842d,0.11704665690983032
ck_b5c3075c811a2216,0.016491517449551043
ck_515379973a8044b8,0.009145930921211987
ck_c0ce85fb4109567d,0.03300967888837227
ck_fef850553862aaca,0.003583035795036921
ck_55d7217b0aff9fa2,0.004721208333931903
ck_8e139f8925ef7968,0.01633618123511293
ck_9e35b908fca1e4d7,0.0036186473025301984
ck_59735f4ab2ad3da5,0.007339598160337477
ck_dc569c1167ccec0d,0.9229590879067663
ck_1dade5592f90a15c,0.025275888640949453
ck_793048d11fb8b328,0.16844419569354954
ck_545b71eb4fa594b5,0.006652098531490107
ck_bd30853e9a57b544,0.014211669279998562
ck_59f46321ecf6d306,0.009217147130123768
ck_260cfe9141d249f1,0.15620540935482752
ck_3365a0ad1a8aa83c,0.0077949256346370515
ck_b0ef193195a2138b,0.01586491317008592
ck_0f909705e2e60f2f,0.004375215243954488
ck_5a540b75c866166a,0.06553934601025252
ck_87c26b2f41025109,0.9784663638134579
ck_27acc9f320cda104,0.11922299891414938
ck_a27bc31eecd9cb9a,0.004735905213342644
ck_115d86fabde77b65,0.003242412212704631
ck_eeca179341d56f8a,0.8143467487640704
ck_8e5999c436cf037e,0.003648835164570735
ck_510e7c5df1f95d90,0.986122529143951
ck_f1acf73363925958,0.02192839281967874
ck_3c177f5970b68bd3,0.00775231762581794
ck_9cdfaa1c30cc9d32,0.004228135004473889
ck_c8efa1538b37c359,0.00775610216815508
ck_a8a2e296f9804bd7,0.021185552561738145
ck_91a0ca45f429568d,0.010477083960745431
ck_5fdf8a0bdbd3ed62,0.007885844478124618
ck_0f4e2ec66d50da5f,0.005148910869439983
ck_28c53b214b2ee882,0.07309210950126506
ck_003148504557f720,0.0354830377195427
ck_01d840cffb870615,0.39315836085745326
ck_555848d51f4b5f35,0.021389350209771882
ck_df20cc23b8fb8e22,0.009211443367733465
ck_f9604adde929beff,0.0027381160745600353
ck_d66952b03591bdec,0.005323002989469796
ck_ddcac1ab765ff61a,0.020705149252113045
ck_347386629d96c664,0.00472559154860033
ck_ab01db9117acfe3d,0.006086854918711136
ck_58e5359efc52e0ad,0.006065963834507455
ck_1a524b5cc8da71b3,0.0428407124269392
ck_e9287b6d909d731f,0.006229808271020447
ck_bb41a66e3d90263b,0.15339801753212468
ck_e95c8cc1864bd584,0.002815301567278464
ck_7a3f2961e9a8b6dc,0.006888091288957573
ck_378a9df82b1e0bee,0.07829597485009963
ck_42633573639a3f02,0.971191033844838
ck_2a5a4c18c2c7274b,0.013455540647615484
ck_77549c1a41f837c3,0.04554891415225406
ck_a26704b5b26258b7,0.006505958960260146
ck_9874ad160efddf50,0.035372932785948184
ck_9111e3a04b14dfba,0.04217727669786624
ck_651e076ee43aea85,0.006582146704083483
ck_391639c0f13932f3,0.0022965348226502385
ck_02dbabda93c8c13d,0.024680281024526397
ck_0adcb1fffcb0a34b,0.010613195475385924
ck_7a43ef9c7b1c67b5,0.00609937814771792
ck_4b9dd69946438d0b,0.009574982571692967
ck_90bf017cdd37b66e,0.036241224438864766
ck_61c74163eb36556e,0.017776685002961
ck_13376c59b5bd6943,0.0028817174999815707
ck_62337eccb1672737,0.00649827674360429
ck_16077934338472bf,0.0040802888069206514
ck_0d4dfd93086e7330,0.0030551437323102244
ck_3865b7525b910893,0.004909927375804235
ck_7e2ae8b69ebd5675,0.009542540052338686
ck_b4384b6c11766ce7,0.007110799725388584
ck_3d7fa32dfb9fc692,0.041465497099157776
ck_f4a6a7cadd6e0603,0.1537843139730588
ck_212525e2828a6c45,0.005343531096221099
ck_33ad8d53394ba77a,0.7433028354829351
ck_a5051eafe8b51224,0.006946402248613938
ck_f65e5ff7da565f91,0.004236914615573224
ck_5c37f7563fa7591d,0.008178027247771
ck_f1e0a006068aff29,0.021827921397754142
ck_c646cdead6fb79d0,0.0084211344288142
ck_f8b3cdffef535330,0.05203990424542899
ck_e5cdbe3aa12c97f6,0.003384118729136769
ck_986e4e61440506d0,0.8087413807526997
ck_6da9c5912e15d9a8,0.004829603335210702
ck_51d842e6dae74c71,0.0033016362539388592
ck_5fc65c24e0736d5d,0.9531619999238214
ck_babb95a76c69509d,0.03849408659193912
ck_86a2d852a9715432,0.01591721540107198
ck_db4083a0d043def8,0.11439320083061492
ck_96953b8945b7d403,0.01053209498613495
ck_7831ca5c31fb3859,0.04669766147091095
ck_60ac5e5f375daa38,0.011445818099181968
ck_05d44eb1f5f085ce,0.02416457878940903
ck_432cc19c7eeaa46e,0.010173417615257956
ck_7fc513033af061af,0.16482654949744185
ck_ada6ede84c111719,0.011449237982379172
ck_6343e0d3b1c2962b,0.004667891884494652
ck_010264ae04f2e902,0.30432734376362136
ck_e9dcf535f8c289eb,0.04586198727476028
ck_37143d9cc296e6fa,0.02932206835982651
ck_61fa051192f3e810,0.01708930958502325
ck_f9f93d1d41be1468,0.8012412137625526
ck_c4f4f28457be8a74,0.0031317171835259835
ck_323a71f9452d21cb,0.8769242283785138
ck_170f4688e0acd875,0.4126371553734882
ck_869b1878d09d230d,0.20624441906183508
ck_2f6b33bf46976229,0.003349578134471838
ck_b11e22e75d9b99de,0.004572462750152696
ck_123d75ffb75b606d,0.004514003507450871
ck_94295287a04c85d2,0.9066204711087806
ck_1b0434f096795328,0.003770195228560687
ck_0a4e191cd0a57ce1,0.004225277008825543
ck_d2fbd0df99634676,0.017357225429278117
ck_d51df5e9fbbbcc94,0.02044171976942976
ck_2d3d7d64a6f443f8,0.005700310808927344
ck_731943c682c9394e,0.008046502643987727
ck_5ccc0c94e5e1f849,0.019654366186760863
ck_c3476080516db25d,0.02295219021581373
ck_5010ffb1c94187b5,0.004136547700328038
ck_7ef666d67bc70223,0.015087563956206277
ck_c1b493527224a27a,0.003629458770961699
ck_5d1e25d7acc5af9a,0.022811066714213957
ck_ec30b61cbf517db8,0.003951938782674561
ck_79323eb5d2e5efae,0.007730857858579774
ck_4085cd3bf2661518,0.026088595143971372
ck_2ca91214c357c072,0.07303660170511818
ck_7f3132d6be389657,0.0744004860876885
ck_e7a6b925c8f39a85,0.02569229224005944
ck_c886adec7bac250a,0.04051181354528425
ck_c3f360c2d0ea0a37,0.006499117109540193
ck_a7acd5b015823793,0.004471339737258448
ck_9d64187c0800f84e,0.007444846709522229
ck_5d4ed73b9efd7d11,0.012135246874968076
ck_874eca6776b34dec,0.0029707537707139896
ck_96a9221a87be93c3,0.07487439329031818
ck_68dd79a51eabf5e6,0.04005336598286301
ck_8311cb6755b2016c,0.0032612432891922765
ck_16fc77b2bcf5ec03,0.9598451037843758
ck_ad9e2088a33c8c72,0.003439570301647628
ck_7176bbc97b1e42a1,0.003481329693390886
ck_80dfa54b30f65fff,0.8994999004214596
ck_31c54d540b128843,0.0049568608673374835
ck_43ea894480567274,0.03746444214382626
ck_9c9e8a38bd5a6c88,0.015886157096414194
ck_1c2dcae19539e148,0.024518377514386035
ck_b0fa8b84e94d8ae0,0.015551095862678305
ck_4ceb43ccd0a81c2f,0.0062296518696878175
ck_ba845332b730b596,0.004925650258530811
ck_73d3e8c6077f61e6,0.05120513486222904
ck_b5d0d223ef56473f,0.00869082454096788
ck_949f08f8e80e93ea,0.004847938936726765
ck_73de0b49709e5f8c,0.007640384570220836
ck_b5935e9722a39819,0.034909059560649804
ck_96247fee0eb44420,0.009179686144562906
ck_a6def1e4b2d57e0d,0.03518631990677417
ck_aecdc5a96321a2d8,0.008507653482135004
ck_bc61c59970f8de49,0.015360652199190502
ck_c43b4175fc9ac5bd,0.8803225725517478
ck_8ff7a9b23a55fd62,0.006607466394823162
ck_20c99b645f462449,0.009852260908169557
ck_a5ce2ae36fb410d9,0.003209490911494805
ck_96fb9bf556842bbc,0.03269659495954959
ck_b5e4c6dbbed1b773,0.020563305404040177
ck_2085433978e72ea9,0.04986899288555139
ck_2c6b174b063ec637,0.01406868483596655
ck_b20b81b88dabe28d,0.006013807915613576
ck_243c18dbf150831c,0.004030423740186831
ck_2bb6a17e8eee35cc,0.061371501594236356
ck_66147fb994495396,0.43485835702048775
ck_73f124f075ede0fc,0.0075001836767908696
ck_2e315f1b1e533dab,0.0050340480435147675
ck_16c7bf94ed3e7a6f,0.004656536325149112
ck_4a0eae220a762ac5,0.02401548248095279
ck_dc16f939c2f44ad8,0.0976740323526965
ck_817926b449754917,0.007753098201490199
ck_0c0dde42ab64ef87,0.02305499022603108
ck_cb3a40594da6a2ee,0.03886160762576936
ck_d0dc156441fcfdcb,0.022068823841601463
ck_66f0945add423e9e,0.009463188229750076
ck_a74f6a3030f5d495,0.017679319125064125
ck_1ae460f331e49ae2,0.008073680982418726
ck_2d177b2f4f0b40c9,0.2575143228545174
ck_92e474e4368c4791,0.03626535703075587
ck_3dee83fa2d109484,0.002992841436055986
ck_80e5ea27848069fe,0.0038918726342858073
ck_ed0c4a83701ca230,0.01254182751156766
ck_0b8b7c5c581fd161,0.002412467741268322
ck_60bf8a2870956fb1,0.03454275734157676
ck_73a54b56a2bf35fe,0.6594462108666932
ck_2296d7a563424883,0.004072952908171505
ck_bc19c383560c7477,0.014198059313905748
ck_861d8e3d88f1079e,0.03897193505127449
ck_3f090fc96c24eb28,0.00561172415755084
ck_9a6a1f8102febfca,0.009410332840803635
ck_541b6ad5d2fa5a39,0.0066745572426896325
ck_a760d38d1bc4de97,0.005064544971290283
ck_7dca4d7ee10b4eeb,0.0049525860322846066
ck_15220e78d1545e40,0.05790947459371392
ck_ca24bb0de508efb0,0.007315546130747002
ck_56b389627d8f02c5,0.9744144512765862
ck_48a6754977a44db0,0.004956169238824658
ck_333a43ec339a04cb,0.05613274420820628
ck_f22aacaf86a65d7e,0.07333761960193413
ck_04bd8a1ffaf3ffd8,0.0059628254219138985
ck_2737a72de6b700f3,0.27036517391500664
ck_c35e03b0dd0c3454,0.00678223049086421
ck_e0571312f395cd94,0.011460126563990376
ck_09fab6b9825001b2,0.008609696749195686
ck_18c3a095606209e8,0.005841399272989881
ck_2a97db9377d01e36,0.007525652068755912
ck_f29dbbfdd2786bd1,0.016370303364405026
ck_35d6c510ad29362e,0.8191826636878036
ck_5468fa99c945d785,0.008840602911258039
ck_6f8102f62c876cc9,0.014476227759759486
ck_91955aab3424ad16,0.00512234171555557
ck_9a43c0c73a39d759,0.00870972673537397
ck_60b023af6d1e30bf,0.6873387621065239
ck_9704c5cf8659cedc,0.04359074416514546
ck_7e5f02b51b9f78bf,0.025990339258716907
ck_7d3a88d1aa649708,0.9028757216832007
ck_8250eddc1ecb07a0,0.023720037424043876
ck_d979ef95ee44023d,0.01735984692651962
ck_5e5461dac83531ac,0.026920801781258278
ck_d1bb8890081e0a31,0.038352221483902826
ck_32246c62640648d9,0.005597163863747627
ck_77a40c7d2f862a32,0.009146475659644552
ck_1c8b94efe9238f5b,0.005462909306932247
ck_eaf3b6d11bc3cb11,0.002922240022016994
ck_a4a7ef3ad799c380,0.004626303079612565
ck_d5bd8f68da073cd8,0.004884945668074083
ck_6e6258227fc8db7f,0.003332702748255716
ck_c35d444e05799db6,0.017638608841538773
ck_74665e1209140ae8,0.008824207352635073
ck_353a272478f7e903,0.004357291774419077
ck_a2c9796ea229a4e2,0.004456258080569144
ck_e0171f91cb3411fe,0.010130005091422475
ck_703499f5410280f7,0.0029378180938142585
ck_ae3a763997f8f385,0.1101582130118461
ck_f7ff94c3df5ac874,0.0072155989602809174
ck_f3c16d8f747db046,0.030136561840001973
ck_7ef019ed77276496,0.0027573766321993924
ck_d6a4faadab58a3de,0.010627461148437142
ck_ba7b78d31d74c794,0.006433236652554399
ck_36287d063350ce9d,0.007125645428576495
ck_5177fc7137ff26ce,0.005040309918241841
ck_dfd4e79aaa967b63,0.012109067920447197
ck_fb44d15fb93a7157,0.06233410509312213
ck_fca478361870a4ca,0.0043396445433977245
ck_e57b94fe57341058,0.02779977219553969
ck_5448c946cc4758fe,0.009288160078039088
ck_c5ece5ffb8800ad4,0.005718950501656684
ck_11cb98211b2ed134,0.8494470994572906
ck_f655399ac75c4450,0.018816570603743952
ck_c817259019588d30,0.022387877055233242
ck_8740a14d8096c6e1,0.01122474569037205
ck_0c5ba86f4e05b38d,0.0228021227344274
ck_ccc917533d4b73d4,0.011280255910666885
ck_9eb80edfa43203de,0.005081986315274987
ck_d1a1cf4cf61d6801,0.029904237522198
ck_b17c239f160e6017,0.003070869827789964
ck_410c3e13b48e0415,0.004848349176374513
ck_ab553954435e8854,0.7132504590170021
ck_bdbb4230c91e1604,0.029731988337226005
ck_8fd4937eadd64fb6,0.0054077104264703985
ck_e0e90b196bef3c11,0.0032253975908390024
ck_3dc4d464386f0eb2,0.7258145182835265
ck_51bbbf8f8e8ad005,0.9834463686883204
ck_c05737ab74cf03c6,0.7234660684347604
ck_dceabbe04d99afc2,0.003561870465209771
ck_5b86fd14e85bc9c7,0.9085465275837781
ck_d4febf0083800424,0.10085500254376983
ck_77d9f86dcf251739,0.00808731836229831
ck_b4dcebc543deaafb,0.07058144959776408
ck_cb856e75c949b0cc,0.002827801156136581
ck_61b067de8ffc1ca1,0.01901306012823667
ck_c0e8560ccfd9dd9d,0.0037827490883417677
ck_173e1198c341087b,0.0027795423859787883
ck_b4d55bc809000276,0.028645387666741517
ck_839bf139296b5cea,0.3764099848685847
ck_78cd402a2a4f2e35,0.004763250458011976
ck_c2925c50ebacbdba,0.004436710461240925
ck_5e3bc76eddbdb0a6,0.006183008309085782
ck_b7793edca26fc512,0.012388831504971056
ck_d79bdf04d6f31cd5,0.00444470898362378
ck_4b97d19ed946f503,0.009731227978023248
ck_37139b41c5370523,0.03494347346743791
ck_8c346eeefa9ce692,0.011743599356223478
ck_2ab7eddee2d8c49e,0.007687527532684533
ck_29da59ea3bffb9d8,0.08212269021468291
ck_c1d05ef0ec6e4be7,0.006755413863701039
ck_3882423b449f6291,0.9601929257502658
ck_5647030283171ed5,0.6627177957881676
ck_efbdcd9c181e72ca,0.014445598599467625
ck_192fdad892782daf,0.11465603855880041
ck_0bf2e13b9f2601ac,0.025298044011553944
ck_3d6046a533057795,0.014701941822756493
ck_279a1d3a3836e5cc,0.10844822459865729
ck_c375e929becde422,0.008057803685489015
ck_a59e90219939a1f0,0.004927947354282998
ck_4e9fba1ec54c3ff8,0.004729577752191484
ck_bcbd8588a13f5eef,0.0024072673712664393
ck_5f9a7ff990341bdd,0.005955312114381262
ck_e0403d507519b7d2,0.006452355682121437
ck_c9490cb61aff5112,0.07861418353356654
ck_41dd44308e6a665a,0.12421614159893224
ck_76c23726cd7ca947,0.006309079042149218
ck_9be551300209fa83,0.009298636721084988
ck_a98848eec6c9581e,0.023650328778365575
ck_61176dafb33b2d8a,0.8772121088489802
ck_92de019e05971ce3,0.05676810216843979
ck_5d644224135d7c65,0.022546831676336494
ck_c767fc454fa215d0,0.006065179003476941
ck_5df85a8924e11f27,0.04220175354965842
ck_da2729307af06ed5,0.02325474497025718
ck_7c6b577174af7a78,0.006252917701186229
ck_893b8afbe11301e1,0.02574019137684564
ck_e06f6fed020ae014,0.015011463406036233
ck_386680372fb54857,0.005092893143220331
ck_7a7f3c4fe0c9d2ca,0.008368602460460122
ck_f908b527c4db422d,0.015565616953387651
ck_ec2eee6a133e9a6f,0.013619694960439382
ck_d98934f9fe0b02b3,0.002459169671026355
ck_398a1ed77b0130e5,0.07960300287215069
ck_d960af7a55b892b1,0.012836124598945602
ck_4637e54a9f79e2e7,0.005622574866066866
ck_02b9f418524f6650,0.022364592777713785
ck_d4b23804cebb045d,0.010846041913894213
ck_35b1939c48182a9a,0.1271964082807873
ck_2dcbb71e39d64305,0.01611609187840493
ck_47a884dec960ff2d,0.004314400297910679
ck_71fd8c346fde5cca,0.01736914880278956
ck_98e1992ac8e7d2de,0.015339846222086409
ck_ae7780327e210522,0.011516112330427927
ck_e6c584b4b1ad6d9d,0.007914266348029223
ck_344b2e326a6c3dcc,0.005341459495974796
ck_9aa899a5230b0963,0.03130476339248666
ck_e48d14d5b70ef5aa,0.013611803370977978
ck_59d380a0973b3951,0.018202395197671795
ck_11318f7c041a5ba9,0.03689571357661081
ck_7061786fe2f22f5a,0.010020016169348821
ck_e77529651c416cf7,0.01842251445860892
ck_7f79878197340435,0.004434139107329748
ck_b0a0fb0ee9ebf106,0.006478667053128239
ck_70c7679199776a90,0.0058495251538510625
ck_b9facd2210daca5c,0.252845424700146
ck_9949f53c155b8dde,0.015412235297683357
ck_1c607e24f2c4397a,0.035226633964946685
ck_aefd1ce3ce093cbd,0.002319714172313252
ck_5a29b7018e43280c,0.006830857223095992
ck_69eb0b2ccfbe5f95,0.03479235328264555
ck_fe037765aa465c58,0.026890262644756333
ck_5e512ef5362a3dd6,0.010364741871113263
ck_544a9e80b7fdc279,0.010832929492439471
ck_7825494e654d5695,0.023791012819751847
ck_f1f2c3c623553f0d,0.004361237842550027
ck_52730906e5b461eb,0.8932988783173724
ck_01e0689157fe9617,0.8203498566338944
ck_9da82e567074da9d,0.07132690120687869
ck_6a17384072f904c0,0.05711972665662816
ck_8d84d771a21942a7,0.004608584565784754
ck_39638880292782a7,0.022158017705960504
ck_7d51c86e0eec72ac,0.03160531272057815
ck_45f4c821c70d134f,0.36156045417509924
ck_0af3c13ba56ce57c,0.00353851053046265
ck_0789a05e061b2784,0.3599804012227368
ck_6ba091eb42ffa9fb,0.03319259598585307
ck_265accb3c5c32620,0.0733689480222364
ck_179039559ff7566c,0.021185552561738145
ck_17c0a6a92b5765cf,0.015180466029146777
ck_59371c9140239fd7,0.053837454092243046
ck_f9c4f8b4ce2691f0,0.029851924133481277
ck_a2637e4872cf4811,0.19284598458789054
ck_1de43fd6c6c22a5f,0.041031079320292506
ck_6e4f31bd108571f0,0.004104651640616198
ck_da06d97db0b18851,0.0046478754976735145
ck_e0346d5081e640e8,0.045285365979656975
ck_c1c7d4e62c9fcded,0.32946954161928865
ck_2595669e421299f6,0.03228941184981901
ck_3b6057d51fd4c7d6,0.0022042501788142347
ck_c5f8ab515840a0fe,0.006561991369242963
ck_435cb24538c6f77c,0.028919535163053706
ck_d84b5403da4cea7b,0.010707557534516226
ck_c2b61a98d1c8f6dd,0.8232808595931641
ck_c9dcd92b2f836b61,0.12087895158078348
ck_9eb5b3f5f672c2b1,0.003688208879875008
ck_e4cf189a8d31649a,0.0044910318421252805
ck_6b114f2a48152b96,0.002641823777730148
ck_3fb95862b70f505c,0.11685440979829749
ck_7f780f465c29398e,0.004797939751518995
ck_ee387f9da79e67ea,0.022316078331243647
ck_fa3b1e85d27af2ee,0.02466831299812825
ck_e739eaaa7a1822f2,0.02169925663299876
ck_dfa0ac11fcb1dabd,0.0037944784302051007
ck_6e8751b571ea54d1,0.024447663904864542
ck_2d695f8358383092,0.021082021124681275
ck_e7dce27edb700f27,0.007070188827830789
ck_e322da8b213eab52,0.007237610676945009
ck_d0b32e039abb8200,0.007406010874469075
ck_b354003302b272ca,0.015417129526319932
ck_f7485cba392bc294,0.797012725920189
ck_d6a290ff8362c7b9,0.07819627010016743
ck_c56a44fe315c0389,0.005041258040131904
ck_f77dfe6512eae322,0.02623363903967517
ck_35fe969c58b9e70b,0.09256700271876127
ck_4c518637db2322d5,0.7890903905397781
ck_cb61902798ecc4fd,0.05115205857006256
ck_56e6cfa32156a916,0.004927947354282998
ck_343e6ed2b9d35c01,0.014456078770228607
ck_51440f64f7250ad7,0.0393886378748613
ck_295bca29c34cfe2e,0.09023158563139368
ck_dd30558576b45e7b,0.010430999166928976
ck_3a30132a57181fe3,0.02902945822888861
ck_4a733aeb833406f4,0.007249235756290933
ck_1b0b7c3d35ab1259,0.02982102215039842
ck_962c3bbf27cd4b80,0.04675704313462955
ck_9528e1d6b1707870,0.028470498445962465
ck_b3263e7f31aab45f,0.017091251438556318
ck_e69195a3c885053d,0.004005318728311375
ck_a907fa8795cd4baf,0.006248124757038589
ck_205c3405045bd835,0.009122872178712467
ck_e81fc223bed3c46a,0.018891430613733606
ck_363751deae40edfb,0.06879633904909203
ck_6176baea8cbebbb6,0.03059221715329418
ck_633e6579f5c74a5c,0.9414098914910757
ck_ddc11fc481eef58d,0.023250242751673877
ck_e975002c979e12c7,0.032769051605041496
ck_8e039b23acaaac00,0.04200308581726546
ck_1d6990d94a4d2ad6,0.01924293149656391
ck_e7b583acaa3171a2,0.022684176290542406
ck_c0133f60d39b2fb5,0.016897876272767242
ck_7d6bff85e7a694bc,0.0021694576341268115
ck_d305b4d82f63f647,0.003521095046430869
ck_22bd0fc71f95e048,0.03432159598613081
ck_9a65fcfc7916f93f,0.00432001890114132
ck_d61c837b0106085a,0.07627189466583613
ck_be86a1db08dea456,0.018816582396141476
ck_90489c405e6886d8,0.0028505402978692175
ck_0add2c321d579d75,0.022723098080789084
ck_482dea6eed92cbbc,0.01940420211469518
ck_c24b47184534cc2c,0.9382782712310069
ck_fa04ac31e596e7d6,0.03375219108323111
ck_084322dc5a3a86f0,0.00903296250283537
ck_ccb72a33cc1877b7,0.008529234232787352
ck_afaf374009d3b248,0.026892311957321068
ck_b53084ffede19a8e,0.004844969839098231
ck_4760216154c8cac2,0.6529220901706728
ck_37ad3a65db673e70,0.004316711656461883
ck_0c2932cc0d553694,0.006589607999796991
ck_86b853c52f20fef5,0.0069135610424952846
ck_38703b7546d35a80,0.057348124233492344
ck_218b7e6e6dbd2da0,0.004609640959896698
ck_402db4184982fdf5,0.009275039240737767
ck_f917c82af80e4a79,0.01403814210203698
ck_3c6417a233c68c73,0.03265189171388347
ck_98068c397d70dd3a,0.012130454667922978
ck_b1cbd6679c0f8d95,0.010627283460860705
ck_9e962f9bb0e7bac2,0.017657426111920956
ck_b08247c3ad567d92,0.867540438338089
ck_3ef7a03ebb81cfe3,0.0024604076721348074
ck_5d7ae0e3562e99bf,0.03369797089412993
ck_c91a628236baf91b,0.03803188366015988
ck_7f8e816ca51755e3,0.5687162254267081
ck_5aadd286d188f5c3,0.006875042794702327
ck_a037aff5f8128c73,0.0035701398029453738
ck_5df6529ce8290906,0.029117317622473066
ck_5f3609511443e5a8,0.0036718933068895492
ck_a6f61864fac3c8fb,0.00637936326156357
ck_2733fc6ba23ae46e,0.016938836086476523
ck_22bfb9246646eb41,0.662321117793274
ck_bfc2a57d8fd1610c,0.6886830371198672
ck_49839e761d0e74e9,0.005701467687353295
ck_aa4ba931dd37481d,0.003051225808835884
ck_2f9fa0d61829f815,0.02626051468013292
ck_5b82c774df10d49b,0.008300340891755947
ck_411219470d0a195c,0.01137376295688841
ck_d07485ba10514a2d,0.09438465196678113
ck_219bef979ee21bdf,0.0021660758605975047
ck_eb1006e7285184a6,0.10790169744066189
ck_fd242b18575e3063,0.02756524173304388
ck_95188150ff059c70,0.04561634997734503
ck_a9ca2f447b984a6a,0.018568783996900658
ck_2dd39723c4088b64,0.01791568522839213
ck_aa2b4c662ff213b6,0.025486745656340622
ck_1867b1199c864db5,0.04539903743837212
ck_850ec97a5a0dab9a,0.018364265376080026
ck_562320295fa35875,0.0026346320625459134
ck_bab5759b07fe2bea,0.013535564514527578
ck_b9f1465d803e57b2,0.05496997705882036
ck_8f21f2690c32c691,0.14936529132796372
ck_df87d6f61a63eb21,0.004895990095858715
ck_770475876d0e7e6a,0.006285627940586437
ck_b4c014d5c0cc9eb2,0.006592766554503844
ck_3add4d23124c9290,0.003526125233050598
ck_bce5b7fecfb6264d,0.11299508336313624
ck_604c17cb97dc89be,0.02575003070256021
ck_e52cbcd9aafd26b2,0.007828658791949298
ck_0ac9114076f5bf3d,0.018750951185975983
ck_dcc125b178b79566,0.002239753523937742
ck_4e333c09f0c37dee,0.021349115673093343
ck_ff7e31ff8ba731e5,0.006816403379411844
ck_8d0532d24f1070d1,0.0028636756361917074
ck_3689fa41748a6f6b,0.08126176016076547
ck_7509eb97c1948b16,0.009240805238697703
ck_a9161cf1ca22a6bf,0.008293198958422577
ck_bed3e3db135b782e,0.014977978475248203
ck_9040edd974ef8e3f,0.7366806655282491
ck_fac32d76ed40f683,0.015185400695128479
ck_3d7b1078e2d57c69,0.009807198901239768
ck_dae09c4e074af5dd,0.019312366893101982
ck_fd84507228467b40,0.10367234664415503
ck_e2a2ce9b8cf44c63,0.005580588596452782
ck_cbe716f351d660d4,0.0112421392402484
ck_cba4162ef29a6d27,0.013144864518706816
ck_4f1e962ff8a29732,0.0027185892381680695
ck_39a81899dded61e4,0.016577022920477694
ck_25382331551d22a5,0.014563676946901269
ck_6d64e1c07b19856e,0.002796485957979623
ck_165a868bdef28ad3,0.09169899273036604
ck_88774ae52e30e877,0.018115853430305626
ck_fc7a9d0643570053,0.006105732343397822
ck_c2017120b3b88a46,0.008963025790095508
ck_d115ac6b9fd62a7e,0.010013606323236888
ck_439cf7d51ec7de0f,0.01767779180405703
ck_2468a7e9e68a0927,0.007694370695405555
ck_7c418947124dee8f,0.053646849932991375
ck_fb0cf32c4a56f740,0.017669588997966897
ck_694eb6c43193afd4,0.0063574221753432076
ck_993beb188dd4abb6,0.008197435482757915
ck_77fa39d3b733c226,0.5811114581817449
ck_49969a9abc47cb69,0.012812236408294793
ck_d3f44bbe2f7e9b2d,0.025156254375949448
ck_fcf5b8216d0c18ef,0.0019920110424812734
ck_daefe1e2d2bc362d,0.005838447517951999
ck_9c9287cb28950eb6,0.013661994327607912
ck_c1d1a625b885a975,0.025932266286109056
ck_71b37fe47490b4ba,0.015845849439946078
ck_5d16e257c0635f7e,0.8133787635650487
ck_15918075563eb074,0.003097630272017879
ck_9a15fdefc47e8d11,0.026786913860061674
ck_6f04d047d1dde75e,0.003157209719523604
ck_1af2c0b3b8d202c1,0.017998831138706047
ck_174be2231c5fd2b6,0.005665566029348978
ck_bb0713a2a1d65982,0.03199807319633393
ck_0daec63bd5b0729d,0.027846411407783662
ck_c0b5cc3e8ad2ff44,0.04019221086504161
ck_35bee1fc12664644,0.3801918050675797
ck_a1c7cf63467df4c2,0.005735329208926522
ck_ecb1e15f0b185ceb,0.06177229004296555
ck_f280d31f54a4710a,0.05553756052611544
ck_30f4b2ee8abe1342,0.025353204923754175
ck_66bed631354de5b7,0.03998472305678843
ck_c2d3ecd7278eba2c,0.010727887985323259
ck_e901dec0e09eccbb,0.0031297476675624415
ck_5d038ecb3c8748a3,0.011388676786281913
ck_283c5bea94b21e80,0.06960356873967906
ck_7956c251b85f009e,0.7650488619788794
ck_9f5f81d771146aa1,0.003749229996334525
ck_9323e6fc1e168eda,0.8011573022088757
ck_10495d3a635b8d69,0.11806723198776431
ck_1982d571cd36eb0c,0.006891994081197308
ck_4f5d7985bcc2eda4,0.0044533939988852375
ck_7df526b2b4410bb4,0.023334882773057987
ck_dbb498b1a346a402,0.003563739463755356
ck_ef059997563e3330,0.01998045551745746
ck_02ec4e06709e6b82,0.003788500506220559
ck_9782c86ba6485f88,0.007714979669846501
ck_d69de468b44143ca,0.0053150887473357895
ck_6430a8792f400e0a,0.004285669266766707
ck_8285bd3c90af94f6,0.02795043078778998
ck_985c9ca112000e9a,0.012632115451172696
ck_e679fbf4f4f4aa07,0.00455483375947575
ck_016e8c8eaf9d511b,0.01659579914061415
ck_bc996c523944644b,0.024044964271748143
ck_5b8315726f6204e0,0.031742567055549106
ck_78181f8e998e442f,0.002331685465918121
ck_71c68dfd011dbbbe,0.8733948091657762
ck_db32c95ce2b6f502,0.7148625565828429
ck_755010362a9b1bc4,0.07272020976291543
ck_114141d85256c9ff,0.0025797539738308096
ck_9d1a5cf5a3b87e48,0.013899975136780401
ck_ab640420858ab5c4,0.02802226186133204
ck_97a8dac48dd62488,0.11232168831178391
ck_879cc3166fe1bada,0.0025295759325975166
ck_b0ed11080076e381,0.00900635137782741
ck_7334a9ec656263b2,0.004959412032724454
ck_6494f0ef13ce44d9,0.0107222856377252
ck_724e459b9ece38f4,0.017923205467517453
ck_7fd8b1470401695f,0.5285680328664376
ck_292f81186358b0fa,0.0043773383759051964
ck_fa7de64d37287615,0.047249142870562894
ck_d00e09e66ed6458b,0.1316666189600755
ck_b8d210e741be186e,0.005511296376838131
ck_3db59982cbae4410,0.021911660507373282
ck_69887d0a9aaca6df,0.004771043216977227
ck_4feb21e2fb0b3977,0.008480563308393006
ck_08c6cc1e143475e3,0.0053243260392954765
ck_fe6e168cdbb46b9a,0.09918410082380075
ck_07f1734be7fac56a,0.06027450748371206
ck_d66d59981307db93,0.012458918101261663
ck_f928dba0d587d7c1,0.003933070698734938
ck_786448fe3004cbd0,0.004937296592079574
ck_29ea329fa40ace62,0.01284993381898732
ck_7ea52b6f27edcb73,0.032990577912938725
ck_18bc51bbf3ef198e,0.04474612923413896
ck_44950df09ff14ded,0.0030591494313599093
ck_c1466b52c0a10b93,0.01864587694229042
ck_6cdac067cc4db5c5,0.047496098995819955
ck_53f55c6e8cf2d432,0.004163988817408298
ck_95945f48453ca532,0.016129308870982743
ck_87cce4126e215153,0.014922960915182183
ck_1ecd5516c92caa4f,0.0041367569721328665
ck_819b482bca14c068,0.9204377046408425
ck_a61a879dd46fc9f2,0.021075051242863185
ck_af70aa32c009c3c9,0.014213986374205184
ck_f4fe78e249092ab1,0.05560920626151308
ck_12c46bc52bf45b36,0.017701746061918825
ck_f05f5e4b40afa52f,0.08385375174780914
ck_0f8cb09d3f4fc980,0.39127474210411956
ck_80a64a7f0275a71d,0.006377075271660204
ck_683af7b1540a0b22,0.009292974013760025
ck_51fe0b613c076cbe,0.003046335751179057
ck_da1a2450219dcf19,0.015960045856523736
ck_2a7eba01ceba6c2c,0.07196626736942051
ck_4e329e29dfa743ea,0.1385664978204308
ck_0274d881d6db82c8,0.008041434553760368
ck_0af5b7d128035b35,0.011460657440726532
ck_ae0a7be6b0a0ea68,0.010207264710575743
ck_de5bb7a4d091386d,0.37243623180787516
ck_2bb7c17168a9d17d,0.011382533145237905
ck_0ffdff7b2f5fdfe4,0.041711515334390575
ck_718a8390b3d42d7d,0.02386183729703043
ck_7c4f12d70f184533,0.0029084756970433855
ck_d3e2c26b8adff099,0.010823718908346505
ck_ac9d3d9754104cf0,0.006171074396291403
ck_3b1766a1d51f8f0e,0.7511154841005907
ck_a9bf75bea912027b,0.008140281944089892
ck_687eab3ffe1f8cfa,0.03454275734157676
ck_25dd0b02af5b2f37,0.11244449256265045
ck_1747fcc466f0ae38,0.003961619985815742
ck_f6e9d14dfb6f3c28,0.026870989953518342
ck_c6a7bbd0adc4d5f3,0.011939698142939876
ck_46656a23f4456d22,0.7356023893085086
ck_7519260415c2998e,0.024999485503132877
ck_754f30ea19df857c,0.08797988510790293
ck_ba88a244d5f7380f,0.07182825151608045
ck_f268416945316815,0.03454275734157676
ck_21860dd2159dff28,0.004032052979721029
ck_7a86ef4e2beaec38,0.002282698483366623
ck_0414507baeea936a,0.018454978437686318
ck_60796eb60fc3043e,0.003742511515337232
ck_1e0841ed17fe0562,0.02450271997656042
ck_0d641d32658d6e0f,0.0032288948976241074
ck_b36086ae6d87eec1,0.004750902109002347
ck_962e65ab33b5c311,0.9360994237594199
ck_b046a42684468e63,0.009605946044738299
ck_ab3426435b0017d6,0.15179979959944379
ck_fcfe06e44d09a344,0.0027554165202925513
ck_0f6d916c92189516,0.010507225472416368
ck_d4c8f0d957c3965d,0.02702369100659323
ck_2ca83dbd728af019,0.0038612683284935047
ck_2857a4ce9f72fbfa,0.005163207986031845
ck_a60e6edc48e3d0ac,0.21677051178717607
ck_0cbd3b27063d4415,0.075164837181437
ck_612089ec90c37219,0.004141569569921383
ck_ec4e597f17f473c6,0.00694275050886687
ck_1c93cc58f314bf71,0.014956601762742768
ck_2b359a979520276e,0.009182685310591302
ck_1496568ddc3b2d56,0.02019311343850277
ck_41d91dc9f5063566,0.02904289244685482
ck_4c5ff58afe3d7a67,0.00489658912896768
ck_81709736281fa3eb,0.0034823458204607115
ck_d89abbab3d4957aa,0.0052349265324238385
ck_52453401f88935da,0.023543273815378955
ck_a477654d34783e06,0.008946736770140058
ck_72dd0dbdf808cb00,0.0764139027247318
ck_c183dff3781746cb,0.04025670781150548
ck_c8b7f241810b45e5,0.002391266573686732
ck_f88028c3f306bc70,0.013458991923205129
ck_91d48d69e4f5d9c2,0.018474388199773286
ck_b74b9ba6d7c9aab7,0.3210388448498771
ck_03e904682dc73bba,0.005317642690853615
ck_fc6fed6ea96a004a,0.012631119829831837
ck_51efdd240e34c642,0.07111500107444944
ck_e78ab4ff52b5fd2d,0.013457713457640847
ck_4af7b97c24d89a45,0.017049706527697675
ck_295c0072eca7f7a2,0.007158937409863118
ck_8abd1a50a9227463,0.0527376423716711
ck_ecaa6f13304e3dc5,0.006479320395177809
ck_de436e7b319be1fa,0.974589308671959
ck_c802cf8f61466027,0.004130071482480016
ck_3d83e0a3c1cfbf8b,0.0054905256946725
ck_28d2003c2d16e4b6,0.0035906159840704793
ck_8ddaf745bbb9cd62,0.0036051064587023034
ck_493b6256091014cd,0.7052134416223066
ck_a2245822cfea997d,0.003829058831537504
ck_f7305b3c64cf8a03,0.08108621663176953
ck_9937dad93a0ed3c1,0.008120209872752424
ck_d654449f9231ad76,0.007595100029360996
ck_850e2b59bc535490,0.027260486011055716
ck_e55e5bdfc0242aef,0.10177268612387658
ck_d35c51e981b98c5c,0.008458238752158192
ck_27cdf9c5e6f0915b,0.013624515586800888
ck_d328db1e1052d820,0.012608385309617194
ck_0ea30eff5f361cba,0.008277498327851195
ck_9994323f97109f4b,0.9742968555790588
ck_09054e97bdf9624e,0.010692462323402879
ck_723b4afc388113c8,0.006920489737420065
ck_588f6e6a6a6d93e8,0.008368370737181536
ck_e1d563fab4d6116a,0.006012032433378421
ck_53aca610e20598bc,0.007164486180651345
ck_c8131ddc7ed33448,0.023010953098349687
ck_899f88464305824a,0.010801589082229156
ck_1c17c65804f8889e,0.013200726975757533
ck_45a16ce12893cf9b,0.010436425972390547
ck_f9d481aa4f9b2808,0.8950395385125813
ck_1d5d74169cf892ef,0.044717490400728525
ck_aba32acb61c1aaca,0.0595235613403547
ck_ec4dd3675a8d28cc,0.013129176102956846
ck_5dcd443fe0bbdeac,0.002270105992048111
ck_3a47e3f54475e854,0.003307485501974663
ck_a9aa5c344c315532,0.021772342851065087
ck_9652283c9f61fcec,0.006555366771277441
ck_752dd3d2487f78ea,0.007581280386158204
ck_a821980ac4db9943,0.19113112099360827
ck_93e0d6befb67f7a1,0.01133891764798775
ck_e7a3881c3e36bd51,0.31612088606724986
ck_12631b78f8a03df2,0.00293146757801945
ck_57b8226610b48854,0.00739049298972178
ck_352657008983fd4b,0.04196219189902871
ck_0841a5c24fd3dd28,0.019338149363184235
ck_db9b9d5d30f74070,0.04294485953246496
ck_a9dded7f6294e44f,0.01459365929981779
ck_91a16336ce3217dc,0.026099779573096022
ck_371bd9388b287677,0.003103720120794361
ck_f285e5e1912a7c62,0.00404016909144073
ck_368b65fca69fc415,0.020829642079934214
ck_d27a73596b6500c2,0.006276544664601757
ck_2d963f9b2c4d11e1,0.03699322562574911
ck_7c500e219af39486,0.0035531193498141538
ck_7d025dea5951cba7,0.006459742175839633
ck_32f632706608859e,0.00918328060157833
ck_53816231f3ffb48d,0.008757438209040808
ck_9dbe184e81c1ca8d,0.289851479722555
ck_d74123617f22a21e,0.0039001054503255673
ck_275386782b1606f8,0.007983596257605967
ck_0b0e79d33e50cba5,0.005424998022461658
ck_ba93cb604f792915,0.016535347833913038
ck_a86cd653472eccbc,0.00741815907687178
ck_87771861e0447210,0.1338264576899314
ck_212380e0371d8a6d,0.02078578504967747
ck_ef0d702d7b0ed745,0.005573691756569604
ck_2b8f33e22f939372,0.90556011668484
ck_480347ad92037105,0.014819360970043322
ck_20124c3a16c53ce4,0.19682704481142424
ck_c9e1e3229baae708,0.014229192802473168
ck_b1befe967f7a5ebf,0.01742899651031256
ck_4672167d7c989bbf,0.026559110030222852
ck_f0c44ee5e3a42e3d,0.019770445013890036
ck_c416357d20238a4e,0.010818086318634401
ck_d0f470f8078c91df,0.014847762244427656
ck_3a70b4ee59084715,0.007475196640444062
ck_179ed66cdfc1ce27,0.0031961504750038015
ck_387e5a7f163c7837,0.014401099462845407
ck_08fb463e69f647c8,0.9596400282845083
ck_732f725747393ec8,0.021288216382633438
ck_7cc5e0fa3ca5a713,0.007121995660660806
ck_ad4a4daa826ac68b,0.48787102435267793
ck_472e0be7a3b533bb,0.03145298687173065
ck_7190177963eafdd9,0.007720994886484023
ck_647ac26c5900f082,0.004563092269232537
ck_272ae2179bbd8e58,0.00452433443802821
ck_09b0d8af304646bd,0.002255657800190195
ck_ca0cc8ea9f344408,0.006268947432011438
ck_332ad134fb909869,0.017083790450312785
ck_fca2798914627dc8,0.06585376062569204
ck_4450b55f462ae134,0.004890750077154899
ck_d67d9dfb60b286b9,0.0032958860984639063
ck_a9d2bb4f2bde7052,0.00266250086978899
ck_929bcae878a3ecb3,0.5344707603000983
ck_59a9e000fa275e1f,0.05161218019708263
ck_57f17254e2688637,0.07814142111377208
ck_0508908697f60ce3,0.11688099781036133
ck_946afc2943298d26,0.005726940061352311
ck_7176d12b18f2cc0e,0.01554716554426872
ck_5c47b49c26cce286,0.04737065712503351
ck_b6a2bdb2d335e1d0,0.979489871993032
ck_1d58f6caaa4d012c,0.010111324664946027
ck_71c917295020ccc7,0.003543018604225103
ck_bc89644ae3688995,0.010241827696468947
ck_e7c212f16d6df272,0.009437256677936011
ck_c6d2e11a368184e6,0.008138762932559317
ck_eed7f1f7548df15b,0.010921507999539377
ck_75b69034000ca7bb,0.029576920211447495
ck_38da3bf629458682,0.018838661104128924
ck_90114c891239d821,0.009639723109569487
ck_8ee08f6777cc155b,0.01940662689878648
ck_bd86132499defcd0,0.010627962711331908
ck_b95fbf2b5640aa82,0.016413085792494144
ck_c530235393360e3b,0.005828875613311038
ck_be52a7ec43241ba4,0.06283285017039512
ck_d96eb3cc55f2772f,0.022723098080789084
ck_dd34f0a844fb115d,0.0758123707406197
ck_17cc7b411f448e66,0.012014758484497772
ck_856ea65fa27d06dd,0.02495164388209629
ck_056d5f0301c30902,0.07431396260387105
ck_e662b14b2bab23a2,0.09757306447080263
ck_209f574c8d92274e,0.014554170326195907
ck_62720b81617896cc,0.008272792606395489
ck_041614694b77e599,0.0038427169431541623
ck_461e3f7b97db8d16,0.0064941198312411215
ck_1b74b798eebeabdc,0.010586414824389687
ck_0ed2739384f1d644,0.017436849821502953
ck_5a4d19f1b83feeb8,0.0092872569383875
ck_463937167965a1f8,0.00889287340123146
ck_9d7151dbdf100e0e,0.01955994317392587
ck_20a7d1ce6cc27312,0.012219027748415533
ck_6031211ff118cf0f,0.0033785983663461587
ck_a6fc92aa91e99b77,0.8594858636826239
ck_0aaaa9d2f75a0518,0.005911111842548355
ck_ec26e327cc1848b2,0.016704080521432355
ck_0e6bebf8ae9b9b03,0.019441269890616755
ck_e107537a4cb738f4,0.00826291562899699
ck_e8ea56e122a5a487,0.03546259412047135
ck_98149ed45d38c4d3,0.02488422337490677
ck_0e719b3a6906b8f1,0.003454974419655089
ck_0c6e7bd357e4a348,0.0027436007608801893
ck_d3b2b250da61db19,0.9661521098422126
ck_8bb6b0a292754576,0.18158010826293916
ck_87d70f5fe48a6128,0.012450956630796508
ck_ea9edf9c107d429f,0.008703204864469233
ck_059806c52cebe4f1,0.07552669668368298
ck_a72d6df666e1c21c,0.007101149938551106
ck_1d2b80ab6c4944b9,0.0036320807668035605
ck_60557f077abc42ca,0.15184431144219104
ck_e5f5cb7dd6ce4a37,0.00909191322497839
ck_4c4a939154446053,0.003973929811228845
ck_50ede3eb561a202c,0.00904000913864095
ck_6d03a542922b2ae8,0.016541354384900172
ck_d6fe761ed0db3270,0.014641957976410418
ck_7f0cd6ea3096f985,0.003656834983751838
ck_23edb6d938a3b87b,0.004389523526206624
ck_799aaf9f2b9ef621,0.006642669023197546
ck_f8f6a03613b6dda8,0.027904427025936464
ck_7cffb189f4f514ec,0.9771615580099827
ck_c081e1967dcd811f,0.04465483513074648
ck_583d6ca78c97d91e,0.3027037838866488
ck_9332bbc7125219a7,0.0046683951612647235
ck_956b5af6d7d86c65,0.9496503230339225
ck_2d634e3f24681c0f,0.016858231209675893
ck_7b35d218ed0c5a60,0.006825422786975254
ck_ca5b1057f8248f73,0.03469505024657018
ck_ec5ea81cf813597c,0.05589094523501545
ck_eaebaf4d28400fb8,0.0245066710598708
ck_ae2ab6be219219aa,0.005552113595042606
ck_d99a8b4c820eb46b,0.01392948613425065
ck_bcfb7ffb7cd428bd,0.019728286915541234
ck_3dd542c2d31be2c0,0.006179411755156863
ck_c7dd84401e29a7fc,0.0034208018656119036
ck_c4bcc7cefd40f8e2,0.013448449896241436
ck_c251898b5d51e3b0,0.0259175003156465
ck_36d37be780c1291c,0.003020296027230357
ck_99b4f266b61ae7ee,0.011304475991409447
ck_c37f03995f0f0169,0.004046283368895775
ck_65a23ac8e44eb901,0.003953573690876255
ck_644b1c1149eea9e0,0.01415075987092043
ck_9cf44eb0237c2429,0.005273759781398976
ck_20541686a94fb71c,0.007334144109596709
ck_c18245be844680f3,0.011071759087946264
ck_56de216eda6b7fa6,0.004196384278031572
ck_406c4442dee45cd1,0.00630373211516873
ck_df1585c7d72a96e0,0.0026644331477617728
ck_b8e8dba20676d87b,0.016486071893314105
ck_0ee6965e68efc177,0.06487091211860047
ck_c2a5c54ad8d0d297,0.04451612164089402
ck_bf6fb7e6470e95cb,0.002767666201056625
ck_27fa694569140345,0.0020742082149099983
ck_e04166b0ce66393a,0.004127944797146203
ck_8742114f4f0cb22c,0.10471662525316153
ck_6eceeafd56b42576,0.04551892555103277
ck_34f9951b0eca1965,0.008087466787178631
ck_384ccecd342a24ad,0.002614146709436212
ck_49c98bebd1338879,0.003452366513329132
ck_6c26c12071c91ff6,0.005686330539988939
ck_01e5986ebb9a78f1,0.022723098080789084
ck_121db7ba3be29ee8,0.11897418267189938
ck_039e6d5a330cea1a,0.012441815481212303
ck_ae8c9163cf957d7e,0.0377487499786262
ck_3f5e8f3f1df0c8c7,0.09078906254291307
ck_b1c51fdafcd80122,0.02577108302172507
ck_12e2b5ebfe8986b2,0.008233028403613951
ck_d55eb81a4d543c59,0.007218474265059644
ck_f85155ca5c312c7b,0.11040381704436678
ck_133d8a1ac7c0e301,0.9775359257404522
ck_04212a9bb9b28696,0.9841376780372766
ck_4cc11c7d3ca61f73,0.0035501021568753446
ck_2df4854186ec515b,0.019959368134422995
ck_aa9b28e7fc43af79,0.7754173588827314
ck_47cad6c3def4c9e4,0.004959909854517343
ck_fbff7b5da8111567,0.0074369311939366375
ck_bd25ea782e375b22,0.04808473612716896
ck_7989376f8cf64a9d,0.0083052279535331
ck_675c0ca1ebb1051c,0.006314548172900428
ck_1436f6e11d4008f9,0.008621622400477596
ck_812cb3a4482cc618,0.0051022950245083925
ck_6e606f73a1094afd,0.008698651332429566
ck_1b708e2a4a0584dd,0.008149731444890255
ck_a60d6b324bae0330,0.014541921416984368
ck_706a4f673a9fda3b,0.6399928082941749
ck_a75ece9a9044eed0,0.004754737698469374
ck_9aa45c4e03c8c57a,0.04831736674847285
ck_9fe9bdce982b312c,0.041513066183717556
ck_c6fbdc5ba68a8466,0.010036120243347366
ck_ed0cc1b1c28f9511,0.11735326165640717
ck_a4e2607b4c8021e8,0.003548497970453629
ck_e02f93f51cc8caf3,0.004568153187166516
ck_7084ed3cf20781b7,0.04665565314675694
ck_cd4c63155570d6ea,0.009554416460326258
ck_d1b9e5d32d2d789f,0.005031768347623419
ck_68f56f6560a7a933,0.02093612918645782
ck_8bedacc6233c6269,0.005887093747179444
ck_ab7cb50407d6b13e,0.04184461832275475
ck_f17ed7e0fd687742,0.051590355148918264
ck_b0fe4b92fc70f72c,0.003414086929015413
ck_84d62b8196da2452,0.0053452129412964585
ck_9e298cae167f4693,0.006088985732198887
ck_405b20ef9ad0ba5f,0.10804453232517837
ck_813e02e1ababd177,0.004804144428534239
ck_f234ab47061ba7c0,0.002890889416961781
ck_22b587c18363899a,0.008798554845268473
ck_4e862c2f48c38aeb,0.005138748000609687
ck_b89cb90a420c9075,0.0073572583866173295
ck_be2251640f27a3c9,0.06568151698158656
ck_46bec0bff167ed3f,0.02329580910807241
ck_c0032232c2868328,0.004990896059206692
ck_030cf09525dba4ba,0.0025648824183831078
ck_6ecf56236789fc09,0.9586286711237841
ck_38d4ed52cbe6d123,0.032256536177606286
ck_2d923d957ffd4d53,0.013880578932071664
ck_3af1eb88728ed8c7,0.008521474869447092
ck_2f8120ca80a1592c,0.009746006200722366
ck_6cabb1a133f0b151,0.0064429134714570156
ck_bb6cf7e7b707731d,0.9310254604447256
ck_c8307fecafa90140,0.006056634769471659
ck_75f968be67f46d24,0.010499257915293287
ck_df6fe4ec5a233213,0.006212305779577639
ck_b53e88c0e927d896,0.002545574292370008
ck_f0093064aa28f4d0,0.033761921349967715
ck_ec9976cabc63ff92,0.0058153435415373485
ck_30dac0a58c5590cb,0.13318642662501837
ck_348a525791ae6475,0.03947577780140758
ck_b898d912d1181ef9,0.021099016584757966
ck_f5b1200dc6f95760,0.026758951733888345
ck_54978a073e7a0b1a,0.006593653576086224
ck_55933936536a4071,0.00546695058428033
ck_d6ba7ffd2ae08863,0.006660429569863309
ck_404e2217fd87fdd2,0.003747192879447064
ck_dfaafdaefa5716b6,0.028918554512694854
ck_556c62e92d4e7e5b,0.047509035713599476
ck_7ce44f4e06d58111,0.085660679878221
ck_465cb8ce232c7670,0.005858798602329098
ck_237508ca4fb37268,0.01928973860803528
ck_ba4a6b9aa63964ef,0.013218257632611564
ck_4802a0a7a1882c88,0.4401136950843126
ck_9478dfe4114c30f6,0.007892996498533469
ck_5138f6c575dec64c,0.008074701585798025
ck_aebb42afe430e2e9,0.0037183872711514187
ck_004efa95555437e9,0.007015483796673299
ck_11af112667c98394,0.024186597723038963
ck_44e9a18a8645c9d3,0.00835766790727505
ck_2605fd571219e28d,0.003029510779286351
ck_dfc933493561d84f,0.008777800928914226
ck_67674348e68d1f25,0.014185178962840246
ck_dd97429277a2fa00,0.03366633550257851
ck_d3eab7a06eb48348,0.017355352603190616
ck_0b9fcff9667ec05a,0.005110721903712564
ck_fc4bfd6e739bddea,0.0030950045120259153
ck_43292f70a03ddf2b,0.017368497382145645
ck_5ff6108056a3fef5,0.008670614827344868
ck_767e0be086b5f601,0.013408539960924075
ck_b8465b1a5666155b,0.03168666129165469
ck_ab2e3fc56f5b3aae,0.07988145791316355
ck_1833c81d693c1e07,0.8541343930675239
ck_0308e0602b856445,0.0038189263902002105
ck_ccbdfe744acff8bb,0.016718728946823906
ck_b294aa27a0b586d7,0.004816379486005362
ck_a3747201f377626d,0.9495110001004741
ck_edde1d7d1db24725,0.04091298876865634
ck_ae3b47d6e1063704,0.014618124575701661
ck_3aabf5e0f4defb41,0.05066131995035015
ck_f034adb57391f3d7,0.02681850943120121
ck_533672fb40531607,0.024954935155051917
ck_2a244f1ae08ef83c,0.008245761150822005
ck_a35d81bcc54ece2f,0.06690159131551067
ck_78a61215675b38f0,0.0058713865567386735
ck_e013d88ea7939616,0.008372456372952797
ck_e5018f9418e0102e,0.01628168302610301
ck_d4e024fcda401a31,0.006475869214537201
ck_f736cffbdb82db34,0.001712998180261604
ck_1507f5aa50cdf3a0,0.01948503679390505
ck_18270fee7c8fcee8,0.011000494329273445
ck_95ffa1a805a1c9d1,0.006035069529875174
ck_11132d245b94d045,0.007416701306266046
ck_7b93a622e40d8b14,0.022723098080789084
ck_3854c08d17704347,0.024706646788794303
ck_7717fcb100dc4b5f,0.017136845026432007
ck_ba54e0a1c328119b,0.8790555215606222
ck_a7afdac4ecbf2de4,0.7942655579295838
ck_ecfb771ed2352085,0.009763598526206754
ck_68be4fefc85a6b64,0.1075367487266337
ck_dac7c50bd6d0148f,0.0022891493707742835
ck_87cf36a03bd63c24,0.9501312284984106
ck_8adb40b168b59d7c,0.026591893772225792
ck_8d2f62930777416b,0.046953888366378434
ck_9958b58da9e3c21c,0.0164080442099522
ck_9440335375701f44,0.009760821171298614
ck_e2f88e202b6f700a,0.033625775763466696
ck_4c7c50684827a2cf,0.003005863759866746
ck_8a6ea4a79b1c7a8e,0.003828639922865956
ck_186dbff4b24a3bbf,0.04581645598640953
ck_220fda3c11c59b6c,0.13582523176329211
ck_3acccc69f8b1fd14,0.013631153358558601
ck_9de191bf79afd676,0.01628343167141591
ck_6de6b1663f9457f4,0.002052571967410826
ck_062754f8b79b86e5,0.003662598330925569
ck_aa153a89a52f7eb5,0.022723098080789084
ck_34a6bd3be642f15c,0.03101181225430718
ck_9371c700d9830326,0.020691644105481553
ck_a99e0c258ad7576b,0.011098758155342444
ck_0a7ba51d626e932a,0.04047826733047753
ck_852c50bbba1ead13,0.05271475225477571
ck_43dc13b6b6d31297,0.05987849661788528
ck_7d81b59d615a6649,0.018679623810063602
ck_39a3f1da060e88bf,0.011657664488761502
ck_6fb2d142c09ed3ed,0.15215387946658213
ck_6e5752b87324b58c,0.008323734323636317
ck_9441d48a12e8a4bf,0.2557729393326477
ck_09e9c51eb538b255,0.006069763682582536
ck_8d0cd981ed3a183a,0.008793183524701532
ck_57c07c45269ca8c0,0.008634456378413147
ck_ccfc9ab888ba933d,0.007078321058134324
ck_9658a6ef471053f0,0.006431715138714512
ck_dac3852758f4ea89,0.0034542591184386334
ck_b1ed2278f5f14d82,0.011688200233920741
ck_333544d173524f70,0.034811145274581026
ck_fd4582e3853ef23f,0.005876771412500188
ck_614d936cef98db04,0.0033706562729724924
ck_6bc351a3d57aac54,0.0167630088981587
ck_af5842fa7202ff25,0.022026599470049327
ck_81307759252571be,0.011677568051318771
ck_b4d2f02d2cd45720,0.8160997602821919
ck_1bd753a4681946c8,0.9258709873743739
ck_46d8c029d46867b2,0.0049356320073006225
ck_b7da6640fa2f49cf,0.9016965762806951
ck_9ea3d5a5a91fef9f,0.05208532976079825
ck_7b922518f667f76a,0.0020334069226517052
ck_2a5b31594206eb30,0.5229973897821953
ck_d9506476ad3f9e08,0.011185226877147786
ck_c8791f7ebd4d93c7,0.018351906314662804
ck_b5a3e20fd210017d,0.006009905936481409
ck_8e54386f4fe22cad,0.010361197101874508
ck_75296704f5806f56,0.05566504281262128
ck_0fbbc7a6af300368,0.0015841278196230691
ck_d19bf4dc0627113d,0.005635640696998654
ck_7951bd4eb99a0175,0.002296017645678121
ck_059e4fac6b7f704e,0.01174928709855316
ck_2ce8931af02a2ce3,0.009131852162539547
ck_9e665618a4860306,0.003161044833107462
ck_6fce5a893613fd2c,0.002112192026970434
ck_9e3fbd04e3532f32,0.296173214999791
ck_55f2ef0de3420e3e,0.03523611746516411
ck_8d87658a6f5d204c,0.4447729700760179
ck_6d6ac1f5dd882aa5,0.0038361924511375375
ck_55d0c7012d7ef236,0.024920607435742464
ck_7738eb085e5753d6,0.011268267310382682
ck_0e6e05c3cc8c8242,0.006830100833687181
ck_8d27ff8383d48132,0.003287182609419724
ck_9afc3bb849f3a64d,0.013218105158593355
ck_27eb86a9898cdfe3,0.007326442634602029
ck_1d40e4fc541abe93,0.03845262503055315
ck_4fd9dc00e1913587,0.9584139385024495
ck_b26cdb2b7b165d2e,0.01782147022719898
ck_a79a27767a02e31f,0.024951531033754994
ck_f0c18cb9f951a71e,0.015481579647775233
ck_50460e0189de6274,0.9453016928724147
ck_5e5280539257c986,0.00940135557084437
ck_eeb854318b3a6f0a,0.0052791226366121265
ck_943f66f28dd24750,0.002093540570961613
ck_984dd7452aee372d,0.02446051038274465
ck_ecaa6de0aca5e9a0,0.02344501561112232
ck_8f1cbc432e2774f8,0.02092071105336895
ck_d91d9f8445b9769a,0.8775871038600586
ck_73c18e03e3c7612e,0.0030485057986703104
ck_aded05ada490da20,0.010993162038056488
ck_f744e208183971f8,0.01838924351323179
ck_02d4cef6358ad3b7,0.0033444277462766807
ck_08ff5bd467226a5f,0.003219951376553394
ck_f824b326d5089885,0.08481886311954207
ck_3420f2fd520890f3,0.00717703215822693
ck_1838cf8d00f5b1e1,0.01346222147733179
ck_a85182ad90b6f1e1,0.003580511638911168
ck_fecb39c82c43e76d,0.0023600383748606565
ck_162513e73782929f,0.018366890702937403
ck_2c27b77c59d8f23b,0.3426621437707761
ck_4221e07b17388fd3,0.021532424968234713
ck_adfb8472d5c3d669,0.006196227475164047
ck_0742fe64055d686f,0.0036319893576729134
ck_5060aefcc8b6f958,0.006927944962270753
ck_643f549b4ac78a26,0.06755787544360385
ck_dba767885bd6ad69,0.0169793200978677
ck_0dda35c0c64c7073,0.9649996395872669
ck_38ea56d43afa5660,0.02605208213943416
ck_d813e15ac91f487c,0.09716318537690946
ck_4c840e5585a7b167,0.30572713992333755
ck_cb8551453a7bb929,0.008444273834529678
ck_05a00b1dd5a03359,0.003787386716338722
ck_837cc7fd48453a01,0.017636649876382852
ck_49dd816b31fba6b6,0.25526164473498303
ck_86a61d9a39768e87,0.02001400841142836
ck_cd0e76f0e7bb38cc,0.005583702839948182
ck_dbe58392635133ca,0.056460409459632384
ck_3caec7dd6f8d02c9,0.0405257734187546
ck_bfd9bfc5b6ab4a54,0.008966420666342734
ck_2103399bdb2898a6,0.004623282495556791
ck_329f7de7279e74c5,0.011085604783842748
ck_9bf0d28119fc42c8,0.01197415665339754
ck_f781539b1042dc83,0.004788475989367034
ck_9986c7d781ac6b4e,0.010238197129845574
ck_a627734880aca848,0.00674842328702673
ck_2106e509d77fdb4a,0.8956091016407569
ck_420d1a9c604293ce,0.010985099326620501
ck_fce0610c527e2b56,0.09549691419643863
ck_073da541ec3f9d3d,0.009409743782270014
ck_aa5f3ab48c17fed8,0.15985526596078437
ck_0fc1086e1c9e04b6,0.005103856701710079
ck_5c33bb46c1a5945b,0.04614368112221675
ck_500948a8d4bd8e13,0.024675396008158428
ck_19becd44f2c3d2b5,0.011983066739418752
ck_7d0fe77dd5ddb656,0.038419019568121944
ck_f158d9e5f101bb35,0.008734412444252578
ck_cdd7c77823c2257f,0.01649132293330088
ck_6c7b41374f9b2e55,0.011087786758543603
ck_417090dbffb1a63c,0.008379423173006825
ck_dd0e17605f970319,0.010107849207044634
ck_3646515079e6be55,0.004842574859032911
ck_89c8b06aa8c84b2d,0.02789476655457623
ck_e4d6dedd97233c07,0.04049210814600016
ck_bc82fb1895fddde5,0.005310063052108015
ck_88a8b1d442ca3686,0.028886954802509638
ck_5791f8f76a629a4f,0.04464700077714046
ck_9cf5e88e97c8c7ea,0.02703230671477222
ck_58fd684aa5a6f289,0.002725176754687156
ck_9800c21dfbd8e811,0.00464727432258671
ck_8ae64df60ab6ccda,0.026099695013601293
ck_e535fb0f0c00418d,0.02406623167340789
ck_48011996d54855ac,0.35137876519858746
ck_ac79c72a8fe3fdef,0.009390758336855588
ck_b8cc2df5192bc49b,0.010879669128305949
ck_e96a5e1f08f8a867,0.0050519236880904005
ck_84df6770549e43fa,0.007511487943887345
ck_e5f7b99ba6ec5767,0.014092227310326047
ck_8347455ab53ff620,0.008230504584954036
ck_a84f2cdf695a71d6,0.007949670529778208
ck_90456160115f9ef4,0.005015363415774468
ck_ebd178b3f3a9c50c,0.0075044682013213565
ck_e1140be6157bacbe,0.004802194783843847
ck_744ffc11d32b96bc,0.006556900320598587
ck_e12a9f7d027e3387,0.003250338883030867
ck_cbe525da0b69f18a,0.02791652272070701
ck_aa59702537557ff1,0.008606490818855908
ck_0348cc6908f7f3af,0.0029171468457505206
ck_120e995d50956bee,0.042472323771059604
ck_9fcde1ff46cbbea5,0.005225494894441298
ck_54b0b070689c50d6,0.0024237961754091323
ck_966a167758fddfd4,0.04933056120360708
ck_d5194f2e92fd6427,0.0421312972448605
ck_2ee84f3fa27f2cb8,0.0061267915591279405
ck_57d0a7eb7eae2eaf,0.03201978779088467
ck_6a2c4edd82e10969,0.005735380543010936
ck_96e4d38ef670eaff,0.007967915757189772
ck_52cc2fd5095b169d,0.013348575098476638
ck_4b088920f3a844c1,0.03454275734157676
ck_8f3ccbd20d59f1f4,0.010193398789229282
ck_e5e5dc431bed6f9d,0.022560896870763136
ck_e8b5bfa6838e28d1,0.020435233525075303
ck_4bfeb78b47b7c6a1,0.01932336318492951
ck_a705c61bd679496f,0.014804266190611442
ck_731869a0c39cb2fe,0.016897346812176806
ck_259eb102342057ea,0.005420355372916353
ck_47a6005fabc33551,0.002483313308450979
ck_682262b455a9edd4,0.0026203941415488038
ck_e839d104854945f0,0.007100645667611304
ck_761989aa4c47d746,0.047859580274551915
ck_44211dc210139ed3,0.0032320935117411084
ck_9915ceedf63a5289,0.042467703047018614
ck_da59ab47cb6284ad,0.002200427067962792
ck_e5cdbfcca2456652,0.004204998046608126
ck_13f2560c6a1ec62f,0.019994136441991862
ck_a0543e9b3abe1001,0.018103390258651104
ck_11c7a58e09e6547b,0.01144982633793635
ck_69587a134d43a4ad,0.14620003305815052
ck_28dc0de0ae291f37,0.020327347978728712
ck_298922703c5bbe05,0.048765077067542274
ck_fa5ba9ed9ed6a343,0.024066530764551983
ck_c08e64d424e56c05,0.011295110335063736
ck_598e036a28262aeb,0.03246999464207096
ck_3f7c870510083a51,0.01014026611222841
ck_364f8203a3e98d36,0.7325831024372095
ck_7333cedb61506ead,0.010101712203317952
ck_1d96d7fd65f208b2,0.0340162782729137
ck_63133a79f23e2627,0.013016422232417198
ck_901d820e0b72abae,0.011625508383186944
ck_5dd80b3c01457bd8,0.01514840763716192
ck_c0b8067c144ed6c1,0.013420491394525095
ck_cebb8aa8c8f62c60,0.00440316092055824
ck_79749eca42ff1f5f,0.015626550841647158
ck_2cc1d9b587f6da31,0.23926595474657422
ck_ccc7916b56d42195,0.009591653617158318
ck_e43e53cc7b8b8e41,0.013838769863557173
ck_4ab74a6e7450416c,0.004863783920974287
ck_6e44024e9de301c6,0.002300117453587267
ck_dd78cb6ae2866cc6,0.004481781993057442
ck_c363d3b050baf3b8,0.02069862509418636
ck_2d46291975f0dd08,0.0025736185870529975
ck_76ebeb5aee42f041,0.03454275734157676
ck_8395f004cf4d4c08,0.003639775267172984
ck_de7259c3741db179,0.005708819270684217
ck_3938e92585df2b34,0.014712149714060213
ck_af69bfcf4f07d932,0.047168462661215264
ck_1723900ab9afe374,0.01629938730668736
ck_3d58628d1c853c8a,0.008037392063428099
ck_12a074db100481cf,0.2188112509436677
ck_8716cbf892c50e29,0.03419004399388293
ck_fbf7351958ad9615,0.009870179227751331
ck_a50370907e6b397c,0.015692821812488104
ck_937402a60df0821c,0.002583598919980277
ck_8ce9c5807acbef48,0.047837523671166865
ck_acf7d65eaaa4c31c,0.003261864353132147
ck_ec3eb6dd0967cac5,0.015838830676412747
ck_fc832b0c90c9bdb9,0.9198769263672
ck_8129e81cde280131,0.0064222013453363045
ck_52c0ef68aa2fb8cf,0.006751861481018365
ck_06f042e9b1b662fd,0.050039004696221426
ck_0bf35dcf7b38f650,0.00396342929741202
ck_615763afc2e17a7f,0.004009726251586727
ck_e72db9d4b2fc9997,0.9705071894856553
ck_13757bf0eeb353e2,0.0061878230508404086
ck_abaf371ec8249c4a,0.09253502136523649
ck_9b7167da0920c37b,0.09156707622554947
ck_2e824b0b27494a17,0.09465839835746878
ck_9a0b605e9c3220c4,0.008451174554086748
ck_a5276af466b681de,0.0029269190404836703
ck_9e0383e1fb6e214d,0.4041083774549832
ck_6a27c44b691dbfac,0.005888688495304943
ck_af39767cf583905b,0.008483652377164778
ck_243b1b9fdd3f9a74,0.002563163364484336
ck_c0422e638a9c6046,0.01835447082883825
ck_e0f3ea3373dfc4aa,0.05147664243336092
ck_d56ee1654378ffc7,0.0061816804827806845
ck_20cd2f5666719baa,0.005855367369108878
ck_4dfa1c1e9b69fcc8,0.2840226084583962
ck_5d22e9ca1d15180b,0.7915186843255766
ck_f4a7ac178fd55f0e,0.005660435160558049
ck_fd5609bd23a1eaf8,0.006348726760922574
ck_49c3bf13dc9471ce,0.02931678212990133
ck_724085c3452d4693,0.1501463010834501
ck_e5d1462846154a75,0.05640370393201899
ck_c69ef0f3e7d6acf9,0.05274530737015959
ck_a2d0417791d4132d,0.008570460986123544
ck_00a07fc2a9183c3a,0.0026484557851718373
ck_781b8288e54ba8f8,0.07810836561413187
ck_d74a62ab3804a81b,0.0043495057972089005
ck_abcbde211b6267f8,0.023046988279632686
ck_16dbafc035574654,0.002640826720920128
ck_018f780215ecaf38,0.012435138811085782
ck_0b259620eac51618,0.004185529922977789
ck_4f875342394c110f,0.02974997243275407
ck_399e45e5fe9beaee,0.006043075241512257
ck_36224a2d394ebfe4,0.11487384229509388
ck_c189b551bd111332,0.003101765144175762
ck_125c5a720ecb177a,0.03598038611618516
ck_76d010aa02eb477a,0.0017144525369945755
ck_1071d14c46c92379,0.8037292463014686
ck_61d244b2cde483af,0.024005947636730158
ck_2ff1860da2004c84,0.00498849290653765
ck_c5b583490198672d,0.008399572690392635
ck_1294f7af22fade11,0.0974148414871792
ck_e3a22799716df39d,0.006057876350448207
ck_c77e22834ef97005,0.8598298623869687
ck_73d3689728270a2b,0.005773739785193613
ck_295565fbf77ef885,0.004320417893223631
ck_80c0a7f54ff4895d,0.004885521384366865
ck_f1ef5cf7f10b16c8,0.008934891098777197
ck_a958b2461ffc21a2,0.0677205639699205
ck_0e7899a57cd617d6,0.004295898426395144
ck_9d4fed252718f58a,0.016092452358330178
ck_83c2c34add971d76,0.0051047066176893325
ck_9ccc030ba2de9fb2,0.06227949407328049
ck_cd691e3466fb3742,0.005187985418862286
ck_49df70f908dfd069,0.028988637508518614
ck_362ce13eec1e33a0,0.005600942465411433
ck_2452a30397dfc54c,0.01814672135799805
ck_a443d49c2b4863b0,0.004960922423184618
ck_c8b2e2cb349dd0ff,0.003748026403966197
ck_354909fecf5da8cf,0.03332118558866526
ck_841f598bbd54c83f,0.050417981038597216
ck_cd6fbd4e8724f994,0.02457546645192656
ck_e0b3158111370118,0.03354192712135383
ck_4c2f2eb657c2c60e,0.0032115311808153376
ck_ef346071f0b7654b,0.00692444527169952
ck_f3bc10e3decefce4,0.003666390108463502
ck_189b6fbe9b9192e7,0.01144509464469572
ck_5245cbc5ff4d4fa6,0.009554517524829807
ck_cb42e3be6fe87f60,0.0033700341973657215
ck_966d4d713cbc7792,0.0038630304538411577
ck_1c8c969667cbaab2,0.9401400597950824
ck_d35e3aa9ef5d405e,0.06332165302511455
ck_a1c39df50a5873b3,0.022856216195981383
ck_a152165caf295b51,0.004775521042318518
ck_891eaedae139828e,0.013665080795620019
ck_1a46b56f4734d52e,0.059688973611594295
ck_5e36042cfad96c99,0.8751545166261905
ck_02a8582c2603e675,0.00909947079914454
ck_6def9d0429e4ed4b,0.009117337673896154
ck_e137400825a1e3e6,0.00497976768757042
ck_d91ab840848a54fc,0.004657488572781127
ck_becb6e1c608e0078,0.0034975723654538985
ck_6fd8c86ac719d7eb,0.1201815918785762
ck_3ed4d13f12fd9d0e,0.021864872275889437
ck_007337aa99a4891e,0.004456563792752788
ck_60c3d8306527a08d,0.007724042096922779
ck_95458880a54df0b1,0.37989206602788034
ck_b48cd8593533fc1d,0.7349128447423137
ck_021c6a4a7e3f1f0e,0.0024376726385194536
ck_764d40f865e710af,0.004895528582438685
ck_4b84357ae8ec7777,0.022978857171032294
ck_3397c7856b4669a5,0.003508248256570649
ck_920bb003b42e6310,0.008652908613871696
ck_8f59f11b512d5b7c,0.022985983528568295
ck_a3acf4b986afa98b,0.7729025500623364
ck_e89d25ed7bdeeaea,0.00622589438431753
ck_70e6bca473bf6902,0.008930931108146108
ck_186161ce152836f5,0.006762440067421786
ck_9191579254663f5d,0.008048078969239507
ck_1e6628879e9d653c,0.01701262240715643
ck_b498fa91a0776ff6,0.021528757561101165
ck_cfc2384f22954830,0.03372827460195739
ck_17673a1c2867888a,0.004027803087772393
ck_523dce06515b072d,0.011341775380174772
ck_c20638a325ead2e4,0.0038260678426798897
ck_d3877e1f907cc148,0.010969009947966317
ck_e9a2495dea8675e2,0.017034676614303395
ck_7e561caa5fa1f3f1,0.013925963485376657
ck_455672e652fe1abc,0.9311091524105685
ck_7f8f864fcc90ca82,0.06271269708525817
ck_1ad36046aaeb816c,0.01149571364430222
ck_de056e37c82e8e00,0.01842193015944154
ck_7484c214c889fe7f,0.030215913505853984
ck_32430e678c4f9f53,0.00550258324770443
ck_6276ece8f80ea799,0.014676458197380969
ck_ae8e5dc4b725bc25,0.010472467784552707
ck_f01be92dc78a2dc7,0.014857274883019949
ck_233397a8bd40d38d,0.0037897600380645334
ck_f8124911450fdf31,0.8311273314932885
ck_aa0a3179f1111674,0.010330948982284482
ck_2366b29ed9887a5e,0.0033332502217529795
ck_1f22f04dfc08cf27,0.005232512966850048
ck_b62276c3426d680c,0.027204658199040655
ck_d099fca88691f66f,0.048162066001777644
ck_166bd1dcbaf4d6fa,0.002857538437758533
ck_7b1660e942436e12,0.013925484014780118
ck_4a9a791a1d409a3d,0.04909999624723988
ck_b003e5b54df65db4,0.05602981430908028
ck_64b4dcbf436f0b75,0.009828329893019181
ck_26e9a7bb2061a58e,0.7248161689832364
ck_08b77ad5f8f73007,0.013431838384320926
ck_366616a725afc6bd,0.014855565963635837
ck_934fb5064b6eefe2,0.008673414728341006
ck_c6abd5d57b1009d2,0.009872471959398112
ck_edcfa9e1cf29d813,0.0494100807375509
ck_c30201ebd003fdc7,0.013554729236989804
ck_c54643d94d3ce355,0.02872822793034231
ck_02adda6e91e49650,0.015104164731809602
ck_5b73d7c5255e58a3,0.18195061118876046
ck_129ffae92dc01408,0.0033572568306944276
ck_fa321945ebedb916,0.035211726355704125
ck_8da980cb2e1e2bfb,0.013008877460610314
ck_0576b00d728bdf19,0.01724731027652465
ck_c543d82e22b3c8a5,0.004453416588029809
ck_0027ba644f9ae2cd,0.08388022174143438
ck_8dbf61df902a6bbc,0.004957583340043325
ck_90eeca1cda79fd41,0.002905318052290558
ck_86d7127391d4e01f,0.004380822917415671
ck_73762038c7ff2f6f,0.002229175906034116
ck_a1484e6215fac651,0.9568523945903523
ck_cb83b9f806e90dc6,0.16782316599427777
ck_8c6f059c95872126,0.0018151627582730372
ck_3174419a81e7caf2,0.006799036808814543
ck_6a0f8f8fa4a3c2bc,0.012682165756589973
ck_b5777605668bfca1,0.003261374406597993
ck_27e4de495abb4d15,0.04942319610275189
ck_7f6fa79c7a107161,0.018396725794594608
ck_c36ed9f8e6792ea4,0.007195925751824092
ck_67a1aa88d2ea554a,0.021506694597692576
ck_09748dfe4df3d540,0.0027784648475655906
ck_27fd85b1e38b675a,0.002540039635636983
ck_2369689bd795ee10,0.007626547535169672
ck_4eb1c12f7d092bac,0.002558681913346334
ck_01fbafc42c8e33f5,0.005457718744057505
ck_93c4e05699b3b7d0,0.01400691871968986
ck_afc484d1b6907983,0.004909086859962272
ck_1b2d9cae92a1aab1,0.054040840423924236
ck_73b729cb161487f2,0.013789542432986263
ck_fe3c1d0ac090d960,0.09971291364455238
ck_408efac1d3885ff8,0.03193138717437308
ck_ccb4dd9d0a48a76e,0.007670017573873633
ck_2987eab34ca7805d,0.03377965741445415
ck_1dbf1f15193197db,0.022501098586311306
ck_4ed711fe4053e74d,0.07027894370948187
ck_6c54adce174f45f4,0.0022368720798479395
ck_a6c740041faf0bd5,0.006962346765378144
ck_b05c4d33c4f43639,0.2236089778052752
ck_032880f1114dd51c,0.022183246626550832
ck_22311b037456a76e,0.005370285696731093
ck_5866b413549765bf,0.003757962212363358
ck_0e808afe2570ecac,0.015388653204315626
ck_634276b05f4381f8,0.01297859790351398
ck_5d8773badd0d4740,0.010932275569754296
ck_82b5b79ce3517102,0.8985964106569396
ck_b378b8d8100ee4b1,0.006161582958795937
ck_54e581f71be5430d,0.005577011606184521
ck_798ba4b8aa544fea,0.002743770329856296
ck_3fe86b6331ff95e3,0.10683950046919882
ck_81275d9d4c559e6f,0.005187966080503408
ck_99a4e5ef02d89493,0.007004372803024605
ck_54e2eb018d947790,0.04256699337246365
ck_966901ea9c77cc02,0.0038788706110736803
ck_27d69ff4e0cb428c,0.06357623411662731
ck_2cee2dd7bbfc09a0,0.8172271973366148
ck_4136b00924695ab4,0.00250758329454724
ck_59a164c40c03a45f,0.02510324427219215
ck_3e24b026bc66789b,0.0033473422915166044
ck_8105bcf69a75ee47,0.005816408171604716
ck_7a1782cefe26a456,0.05232921139226946
ck_970c7dc195161272,0.0022772664365709005
ck_a48ec0c00ae20e82,0.013627611756502308
ck_54b374ade34e1dc1,0.004328785481673693
ck_74e5dec189761d14,0.005514522893778709
ck_4717f24f2c6f40e1,0.027288582447136837
ck_fc8cd8a8209e802d,0.009117533622411267
ck_71db4131d7efe218,0.005783292099517708
ck_45424ea6f0bc4650,0.21170237910022158
ck_3716c6181a5035bc,0.013516019972036008
ck_26de14b96bdad4f6,0.010665002235572004
ck_99c0a41ac9c73857,0.0042058800878795564
ck_645f15bbbcff3b4f,0.9758774419617158
ck_b7e25ddd41514d4c,0.003779625822512496
ck_d5c14e877ca7b755,0.005878672323467828
ck_05ea4440dac6cfad,0.011332570193451219
ck_c58bafff7b1955cc,0.009915520139600583
ck_f0cf85b67a9b840f,0.017552747996851612
ck_ce1500a7f0d03fba,0.017323877487550092
ck_d4972a775aadbbc8,0.00603525564938247
ck_3eb6146c262e0fc3,0.003576742580576097
ck_afb23858a4ef42ed,0.9606133639460611
ck_2c1def5c91c52a5b,0.6711362008404074
ck_72e550559487b919,0.007598071992112556
ck_0284dc2b4f856b3a,0.2475141900873565
ck_03be334935e999a2,0.00824214989460188
ck_e35a4b4a3cb4cedf,0.02520881505763974
ck_5abe57dfff4b735c,0.004213255676696172
ck_f5f87f772388efa0,0.028388783672661247
ck_5a22cb36d612236e,0.0052621611071865205
ck_8ff1e6028e764472,0.968613624760669
ck_2ab28149b0986642,0.618024708743265
ck_c88fc1bac79fa6d3,0.0305813302440817
ck_5b137d74bba6b1b4,0.0025065327404869843
ck_11f362dca2dfaf5a,0.011010764433478232
ck_7f960541e5174565,0.0065486368800975105
ck_d5458ba39ae94498,0.006745032151743067
ck_0a921a73a90c2e39,0.016003887231499328
ck_6ad56ef40086dbe4,0.007713411816690694
ck_b68199ecccf2350c,0.004330070095009765
ck_6dac66c8198c07d8,0.016492654723881242
ck_9b9ce7bebc235fe8,0.003017464558525362
ck_6b817117d87063a8,0.015107535508392141
ck_900d62b3184378c7,0.002259128268446285
ck_eafe9b89857149b5,0.010408923906108748
ck_e74716a525ee5b24,0.004343696616403235
ck_4e9a6f06ab134102,0.01621045100111782
ck_b0d33b5a3716661d,0.00699776216472214
ck_8703543bf3134306,0.010723593283999732
ck_923d6a0f83accef1,0.013171340640691842
ck_52e37e2170532e2a,0.10929318735739846
ck_c1c5ea839c58958a,0.015238636688727113
ck_660f0006780e87e7,0.008029701816867841
ck_830b2c5d1818ac07,0.06771705933822166
ck_b080ff636932d1f1,0.006404740375512943
ck_38730aace405f2ae,0.9796257346768481
ck_9790138467a06223,0.0019647464153562237
ck_10de0b0d86b17839,0.01528586070783239
ck_c3e37a4d3382c32e,0.004476433232460098
ck_dd8edfefa1eba531,0.0026030316204139173
ck_8153cdadd300d234,0.003505034488286941
ck_74d0e7c2c6b63d36,0.7782551070658823
ck_c478aae3031bb328,0.004391218400199765
ck_cf301f2194975866,0.013660452719231995
ck_f4de03f44e3a5bd5,0.008857869489203373
ck_b06ce826e593b210,0.04104860741235774
ck_2fc70b6baf6a0e26,0.004651138582850982
ck_d208494cf5c90047,0.016460073258667367
ck_086d29ccae565e5d,0.005480863408042841
ck_d5ef6dc116dee408,0.007910671774594459
ck_fdf0c5b722d83464,0.006052264431648618
ck_de8494b13adeffb5,0.004162300356332862
ck_556786868599143b,0.01643027479753036
ck_4940e78cbdcfecf3,0.009168963959833104
ck_d32fbbfe32c00416,0.026424518224589705
ck_bc7710f7e9fae649,0.004136049051198658
ck_416f7ac57da081a3,0.005344456686371106
ck_6fb39b60c67d5475,0.0036880921362726776
ck_e40a156511345d6a,0.001982189113354274
ck_49ab879b5aa7fccd,0.022507780038543913
ck_bb643194d1cbc47c,0.9721198433251084
ck_b3ce8f1bcedfa043,0.005248512774209831
ck_558ebde8c29132a4,0.010240791574746631
ck_e6222925762273b8,0.0432392897505311
ck_bd80546b4807dd59,0.007150347756810192
ck_bd21164bd2bbb635,0.010316745109772709
ck_ea835557d7043667,0.008049528789904675
ck_1411a80a157ff39c,0.01905858914984472
ck_ab973888c20c9120,0.11976151364884746
ck_95b48972061abe82,0.007665861032660414
ck_fc4a43f8876bf10f,0.19010722793333223
ck_f34fb7ccf82f41e5,0.006893811372770258
ck_5af9934a56801ac0,0.005653653973363922
ck_fc7445ec76389a58,0.7528158709937052
ck_1eeacc26f02fbba4,0.044404966038258095
ck_4f325dd15c9bd45c,0.030537599355325438
ck_5009a6c8bbaf15ba,0.028383961054904473
ck_0f3de7f074bb33af,0.007335853495575371
ck_2cbc2f93a32eede8,0.024531223549843637
ck_4bb90a61c21a303b,0.01514220018180259
ck_3ade9eac7d7b0dbf,0.059778386390405426
ck_4859a58629622915,0.011486308073322083
ck_5fed957287ebca03,0.0018465127129126781
ck_ec01ae5351500355,0.003732896084366184
ck_703b41624ae6a5b6,0.003881323637427077
ck_97c38e7f61c27e47,0.010790529256727877
ck_db2c0908150cb2cc,0.013555588638525427
ck_64ac5e6fed86ab60,0.944713557097387
ck_da1c853b0a061e83,0.066669736537273
ck_9a36916b60178ded,0.7840688940648453
ck_3715bfa7fed2c675,0.005211038678025812
ck_dd3feb77d7d4f6d3,0.034046894291111386
ck_982ebb24174a4ade,0.060433065159278154
ck_f6b7a10d47dd9a1f,0.005828727631624625
ck_1f56fe99f250cdf4,0.03089515547484786
ck_deb3ac0606d6f6db,0.02332797188548407
ck_e666629e5a41b39b,0.006400273631083415
ck_756d2c13d02b3e09,0.01661442854164715
ck_7bc752ae7cf5d55f,0.01376546504736082
ck_fc0cc4b25e6a8194,0.003977927762523179
ck_9b2b0e286de78a1b,0.021494681014239337
ck_24b0803447211bf3,0.08250762698221947
ck_82eed68d05a42128,0.01009166161964638
ck_c8a03c516ed5b05c,0.10690472464364899
ck_e914974cee1bccb1,0.00948102073856344
ck_0c533ff2d0f9962a,0.01851975541881738
ck_c12805fa5d970a83,0.05615045207924384
ck_fc2cb29918631f10,0.06495192118458175
ck_c20e89afe575549b,0.0055782413534423364
ck_e1ff9e31becc27ae,0.04200164390905192
ck_18116d0ac08f1996,0.8355973509926103
ck_885a83975cea5e64,0.0056174449249174335
ck_a0c3059a959ba5d1,0.02752370449822411
ck_75257ca7d7da2861,0.018440750753682438
ck_2210f7a0d13bdbef,0.03063992461055988
ck_9cbd9ecf8374f65f,0.005647618520986597
ck_18f67c00ba21fbde,0.006315687296548762
ck_2d28f14d3973d8fb,0.0031399213563190393
ck_8b3401b44aaae728,0.004108026829227346
ck_9d8e9ef37797d3af,0.14835922016086694
ck_9f50920c894f64e1,0.007515375690962993
ck_4737e0d56c6fa0a1,0.07880766102173478
ck_52c311f29ca3aca9,0.0017703853514266315
ck_6a4981bc721df37a,0.03412948698135824
ck_823539d936c55fc6,0.003629257946120202
ck_df5aedb4118020bf,0.874516208977896
ck_a911a066ff0f7b56,0.021185552561738145
ck_684609767df4a14b,0.04616027360429371
ck_f2350bf355dc919e,0.022598737175383243
ck_8452b6cf97c65a5e,0.009323800150745696
ck_084cd84501012218,0.3731894434081444
ck_ace6b72e5bf3e93b,0.06527165294685372
ck_2afdd69094c955c5,0.011687237634289749
ck_fa7d5be26bf7b31c,0.16825138343740978
ck_4b041217690fca2f,0.013390289179271113
ck_9fb8e3d38cdf276d,0.8876124995058522
ck_c1ee56d65a42f59f,0.004605235834167781
ck_fdeaa1cd085691f0,0.1571681714416577
ck_5de33a7a87e9aa62,0.02024177973168734
ck_7476e7fe1ff45545,0.02087615618003922
ck_b0a947b498e47018,0.017255736549105047
ck_e3894ed88a7977e4,0.005129059711590141
ck_c7e07ebfb0bc15f6,0.019571491447036307
ck_3a3daa8b376f2a18,0.0037828422038755196
ck_87809324c2675b0a,0.01788748621736303
ck_7eb4f33260f1dcd4,0.006035008525987471
ck_ab9f0e08af030060,0.006514422297752788
ck_5b8fc4a76f340797,0.04220711334716389
ck_0e7bf10ef49aa818,0.020345228075331297
ck_a44462a3853ac67e,0.9688855831146824
ck_2d14bcd2e0fc043d,0.04296483439453574
ck_df1f2dba802296be,0.8989322719964372
ck_466a7316eaf149b1,0.05366223791770337
ck_50df50af592b0c06,0.008260385566428354
ck_5f9e34c849704b95,0.0033642087655612724
ck_7836bf6def26aa87,0.011310615661314615
ck_ba175b1bd8efaabf,0.011386971450026756
ck_1a0aac7f7b94b1be,0.06722974005445041
ck_6768c4b2aa8ce586,0.01245691680243294
ck_eefcf0ed15897898,0.01545831431888342
ck_7a6cb27e390b6ceb,0.008749030168231932
ck_5275be4e1577c1c7,0.0052693024378034845
ck_6bc0e5b8c0b7d2bd,0.01926345126160666
ck_4874bdec79f9106c,0.05390394953821397
ck_a678731156ad7bd2,0.19252834008759215
ck_db906debc36a5d1e,0.01121200919701859
ck_e87897767c612942,0.027310099567997202
ck_45ed5ee496ef8a67,0.0058647580946904095
ck_ae20e28f9854f3ee,0.023837140954522607
ck_9ee044b73943a90b,0.010189056136994758
ck_dab34cf6f0626c9b,0.020056547162355658
ck_64a02b7b96149810,0.002097407710504796
ck_c417d06f3e94685d,0.012114859236209802
ck_3e0149cdee4cb294,0.01495698608440455
ck_0e6046fc30f81705,0.012132890051091756
ck_c383aeabd53e9c89,0.01826234759492066
ck_2ef76f1f36e8b869,0.23702835621125545
ck_43948784650bb9ac,0.010015663225090926
ck_bdb966f43ac350ee,0.040998234910316435
ck_5bea0e0ee0b094cd,0.004731067943710931
ck_dff090f03ca5529e,0.005931284483544387
ck_a4691b57f837d88e,0.006383694393246833
ck_99ee90946395d74d,0.9234268999999942
ck_cc81dbc83a8879fd,0.0071059217469849195
ck_f3dc0725621b3a35,0.0032373985502746833
ck_1bb212d1288b9689,0.05144196582379017
ck_9e7278fc7679f002,0.022729780252837156
ck_3ded7a8720d7e311,0.004518836393004886
ck_798157bcdb9453e1,0.00867073769231655
ck_9fba80f56f357fe1,0.005044779002287278
ck_f1e1c8491f16f912,0.0037114361783047727
ck_7b1319a5ca2f63c6,0.9450942489422637
ck_124432fd5c92af7e,0.8279734168162082
ck_148cb0c723284dc0,0.006544686049177105
ck_b56c62c950eda009,0.00353146957049506
ck_a0498755cd8d7188,0.0020633931755666486
ck_5379452a9d74efae,0.006968132190332246
ck_6c2453229d608183,0.028439633190994018
ck_f9d8b4813a88c1e6,0.006382817490505705
ck_c2c7d1e45a521857,0.016058540844407297
ck_4364a83a11743888,0.0056534839306016235
ck_2cdf5fd97ba75e06,0.6829973678562838
ck_71bc01291e0533a0,0.009846202214943846
ck_a725d7aed2a0bdc2,0.004639826316124208
ck_a9b0c4dbd7db6a91,0.03458020992767714
ck_a4258806a533efa9,0.01986063171130996
ck_905e460591d9a278,0.06176917296737907
ck_20de8abfd8960ee3,0.010767826508917786
ck_252b0a0f1119b220,0.0041236934542513
ck_95e4bef65c36af1a,0.004646198738526654
ck_5ab68b434ad53fea,0.006961678576904774
ck_13677a1957078827,0.003253856440716476
ck_d251e9fa09e542dd,0.983675343606143
ck_700cb620f300dd47,0.01366353139027398
ck_39a68c55a1bd3ace,0.11669785305879234
ck_61a59a7944d6c53e,0.9068825138666308
ck_db6d1c6d31da967a,0.007359133642359675
ck_650020c500b1b50d,0.13430647710517493
ck_d812eb6930192793,0.0018632763445903284
ck_92f6ebc11ebca89b,0.023919777343735883
ck_d87e26eb5bc84b01,0.005899967182897108
ck_66439e697695224c,0.0049342394409566245
ck_f21efd504faa654c,0.004128201613577574
ck_15eed0f5652f0352,0.008369114362238824
ck_bcdbf57d98dc0d27,0.08573303672932592
ck_873ceb8004d3a9f7,0.020487553991027797
ck_70bef9ddd4bab005,0.0030475867379401037
ck_7560f1891d66f294,0.0029817932173605076
ck_f439f16f8693883f,0.01790402944729716
ck_14f9535e53f9c7a6,0.021691913172455578
ck_5984be472d2bc267,0.02869083273167153
ck_ed01be7504dc4187,0.01323750969761164
ck_dc3d8b5c17b67ae9,0.008471050371035764
ck_9dc23031b6b494af,0.03454275734157676
ck_fbdac0221bc03f66,0.013509824738504879
ck_863708a99b92ef0d,0.022607897824381346
ck_22b52654776a1ea8,0.9404445123142782
ck_a0714f98001efa0c,0.0257094526722503
ck_9c56114f84e9a541,0.020705149252113045
ck_e155cf506b2fb699,0.006572918078737357
ck_65ed7e72f24731e7,0.00288426302366037
ck_822d6e8e43befc72,0.8729446833976188
ck_b1182471d9ac6b26,0.00355492643538725
ck_821446adc95e6da5,0.00908402734877163
ck_ff182f033134dbb8,0.016186096327682392
ck_9c5feef7647b0588,0.007129127852683254
ck_df935d8bdd44883e,0.006805093803917698
ck_01eb24c18ad11fca,0.10430970742051208
ck_00d6730134a1eb51,0.013945104650385974
ck_79ba8e85678d0224,0.027619881195837175
ck_97e3b04a1350f6e4,0.02253082710638984
ck_74e9747954a46eaa,0.007701462447322921
ck_397d5fcc9972f909,0.021185552561738145
ck_9ede89e8a43c3f53,0.07148808026107409
ck_303b33910d67f306,0.002695623217419789
ck_3c17841636f6f7dc,0.004948238665610189
ck_78730527f8ba1438,0.04082620100517135
ck_5ee32bc6bb5d1d4c,0.18742274212387167
ck_a13fee8cd925d0dc,0.010883178300165048
ck_6f847263379f2e43,0.021972331099410145
ck_9b9d9e579e7b55b2,0.06146356305419315
ck_87c1d0a79e79c84b,0.018009905908216182
ck_bfc453eabb472f91,0.005845705743496332
ck_978c21bb5fe3171e,0.016099200044789493
ck_dd882323474431d4,0.03806092241117756
ck_533c4f7400d5ab22,0.15555113450861666
ck_5f217bfe28954e75,0.9342707056269043
ck_ae96d35465b3b4bd,0.012018976152248359
ck_512ebe97c0af94dd,0.07371379784325122
ck_f558fe02bb0219b8,0.007008595473530935
ck_84092e23d5ef4d51,0.019986696455489356
ck_17d3022ca12eacd7,0.004914615058932582
ck_8a8f81bf3558fd9c,0.010496137779680333
ck_0ada6fed1864e7c4,0.017910759675904428
ck_21fe7bc59dcd78fb,0.00352207314613656
ck_e136e20c1c74fe38,0.005562250873042352
ck_e7a530e09d113dd7,0.04660126221565446
ck_7cb0c9ded4d63027,0.20706950321064846
ck_102db9615e722c9e,0.03323944170587928
ck_129e39ddfde92eeb,0.004899243849711828
ck_d730ff21bfd7769d,0.00656754433854412
ck_54459b45d2be8459,0.0073037185270213145
ck_7f1c20319eb60aa6,0.9733548053587253
ck_939fede90473e412,0.004868367095615306
ck_e0f9506a6d5f4a1a,0.006371876325927605
ck_9a4967cdf49265cd,0.18256883771789081
ck_b9eaf03453ac7d5f,0.0026139926045270568
ck_522477be6376b450,0.0058922745434894595
ck_9b6282e3bad50710,0.030855458178263417
ck_a0e3a2facd508e49,0.0071430365759738755
ck_97ffae702f7c3d08,0.002509423971918743
ck_344a95cb7115ec67,0.0102349878089616
ck_1f2760764afa45e8,0.007163858292815146
ck_720cd658d11ea428,0.02646072951315772
ck_04e32ee9834c088d,0.8806627692929192
ck_2bb1389e5e72c8f4,0.023895578661752015
ck_961e7dbc217cfbbc,0.003166536763874548
ck_f3bce4eccfa6d6bb,0.00447041959229878
ck_e0ccfa0d689339be,0.007754326542977794
ck_98217aeafa0bfefd,0.021185552561738145
ck_a02aeec1914c158a,0.014235064483867068
ck_20a17e8f206a14c8,0.03221469859179097
ck_114c32aad4b6183f,0.10321884554558199
ck_79f5198f0decef20,0.0043623001213791025
ck_2209de229b4c71c5,0.010413369393821113
ck_6ee939b7f396975f,0.0070778295507086435
ck_202f0c14b07ace01,0.02630239408672002
ck_fa24db9d416ab904,0.006866972078392235
ck_cf6aa24b92c4d33c,0.8769374821437823
ck_45f57fb8194cefc8,0.00684770335865767
ck_d5eb179dc45394c6,0.013928264798318017
ck_efb24be983342f75,0.005718933628216645
ck_245f5d62ead5ef28,0.008916263534925788
ck_15fe2a47fa7e92ea,0.004715322897988806
ck_b6527a85fd682554,0.012757789955945674
ck_11f9390a11ce9ff5,0.013261645347910501
ck_ffb4d892c5158201,0.0037298569329254627
ck_d4c1da5a1427fd6a,0.09198817545241915
ck_2c041b1efb1c5063,0.007125650456943685
ck_ecc18f40b33be769,0.05475138338288728
ck_0525349f3945375b,0.16369529107350766
ck_0bfe62e0c7eab9c9,0.018416553089255414
ck_b7c37d410b1646c2,0.010194044231362413
ck_4b15b0746318cf42,0.04477108148668427
ck_e5ee006ecd8ff661,0.05210915762229569
ck_ccc83cf66365357b,0.024968442172302777
ck_34a33ffe8339f66d,0.9082344516612203
ck_4e39e3b165edab58,0.8942437423980639
ck_1a71f8081ae00190,0.8680726278468783
ck_ed8f1200fc049c40,0.9414370058795617
ck_8a5a57858e8c77f3,0.02593077493517664
ck_fff9fdc2adf5100b,0.8927074725511842
ck_c76f1bf40f3b787b,0.0021032444237833944
ck_1a6ddfeef82b1b1a,0.010363629907911525
ck_478d2667aa9896d9,0.03425811876693593
ck_641c8e7694b21f3b,0.015305968419640187
ck_293581d879f6663b,0.734808110932638
ck_1bfa8abdb22be8f0,0.011060383824569453
ck_05ab5b03d0bf9ce4,0.1974501882685084
ck_35694db37f0cde7a,0.002974059930711879
ck_fe33eb743d714c03,0.006317731512099439
ck_abd10fbcbaf2b038,0.008375415899572065
ck_46d51648c1bf80e5,0.2790431534396077
ck_5c8390017fabfaef,0.11994645285358545
ck_87d55ca333f22072,0.004123083649463657
ck_c39c6a1453e2b92c,0.0029520509394080773
ck_69ff1b0aa143a168,0.0024938235554928688
ck_e57c79eaab35ded7,0.004145989395881458
ck_463ae759e2b6ad1d,0.024776804722976154
ck_0dae4a7eb587f3ba,0.018668346606611347
ck_9b12fb56529ebc4e,0.00857465435159862
ck_1af547077ba2dd03,0.24313358816369313
ck_de13de941bebc7cf,0.003769910298031458
ck_83dde7da2bf647ac,0.002327387589994973
ck_c80a94d4660041fe,0.03804829391024732
ck_f39cfeb277ef6528,0.004353390636925368
ck_1cec1ed1512a2d3d,0.00371533249750173
ck_7955a359b6448799,0.0036391010616506074
ck_8c0955dad13c3ca1,0.004705452299180851
ck_6d4cd2de601a2308,0.00807733892341303
ck_f4536ba8dd2d551d,0.011050162196618524
ck_b379c198d6db2d62,0.007814226317152811
ck_76ea90ebc74bcdc7,0.018518492805623885
ck_734f06bd4aa92781,0.01075403098326682
ck_677e1d0c14cbf569,0.0031481695183594514
ck_259271c70f3fbcbe,0.02908012392649725
ck_c0b744eb9e7d4eb7,0.019418052027346807
ck_3d41faeb96802f68,0.013692908765144065
ck_8f604fa70fc3c8e3,0.01049116587428642
ck_0b3c3bea0e0ed339,0.008913966864617782
ck_be5df076b8a86409,0.003706697209151248
ck_6a475fe324d7d790,0.03226211389181046
ck_3ba3fa5387bacee8,0.0023514328306078183
ck_324b9939d9c1c31e,0.0033638301328610164
ck_a7fcf7b592f68ca1,0.017933079919947807
ck_5b2728f7cca414ae,0.002196681268364363
ck_5f4a25ffd0b85a47,0.02014533230803041
ck_63d4f5076fe4406e,0.009901117545555189
ck_af528d66c86f0cb8,0.3924447080911618
ck_ac7cdb9b8da7b5dd,0.018244077310814934
ck_3bece63711407e25,0.008243525541242348
ck_d4e0b2a12fcfc35e,0.005333740269131408
ck_ee3e7c9d3a9c74b4,0.04850064029664221
ck_50d7c4dab837bf66,0.008647619134608245
ck_ebcb93a2990fc914,0.16044625251149885
ck_2329cc9702cdf7a0,0.021795422269197784
ck_db1fa53d588bf99e,0.0044459474158295076
ck_44e57a0bad5a0745,0.006532051758089602
ck_472c81a144f4631b,0.0032365788082356433
ck_1658429acd5306ba,0.010245904437477955
ck_466103ec5bd9444b,0.022353904730833245
ck_9757163e25262b74,0.007142323964373668
ck_34ed59bc2c9b0186,0.004416624266089639
ck_b7bd3a7f263f4f29,0.08457191485452241
ck_149662b09d632e41,0.012787766707013164
ck_a9ffd6b3957bd41e,0.0027365193328950004
ck_ab80466ef615e85c,0.0034380917405786447
ck_f2c824d3473db24c,0.025103929595806474
ck_a4a01fd45936b078,0.0421771741567325
ck_8f6ce158c2902877,0.0033616818633587712
ck_5189a302cfa7cefd,0.002085495073633002
ck_430a3d03be588201,0.008322209237112793
ck_b5f9dd00914b4db4,0.013427796991980594
ck_52dec82e9cf6135a,0.0044436172035799805
ck_95e444a01e2ab4a5,0.028576912723220237
ck_e37cee7b123692af,0.015742811330612515
ck_d68d42858a55adff,0.03266591228524181
ck_3abfc010091d679d,0.014795732500973742
ck_cee4e4e1b62bf82f,0.015665497087369834
ck_9ccb17c35e636c5e,0.01420632905536605
ck_f72a5a3b0d6c1177,0.002436900531826254
ck_7508aa554fae6afb,0.04502765613635016
ck_003aa842b7ca1d77,0.3273677294452017
ck_83b2b192f41ee2bc,0.20671461997652338
ck_64796b6b2c3c7f06,0.03702722694751971
ck_6438ae81d43cb196,0.0052982363304535825
ck_2bd73d9098504760,0.020096833220669363
ck_aa8b9b36a099e4c8,0.07038468970724703
ck_e5ece47d0dd10526,0.020527473106911633
ck_16077ac345472e6a,0.02160080838913926
ck_a4d6e152b0076964,0.005376558270149188
ck_d90b1d03ae151f62,0.015858656475785837
ck_18b36d342b530af4,0.009033994626585606
ck_2a01e610348b84f8,0.02696864430077759
ck_0a93ed76bf36c8b6,0.05430745520164579
ck_3d56b477fe2370b6,0.028930673620798212
ck_17ab3068fa303682,0.004011449231727476
ck_592a3520d841d11b,0.02018764928760031
ck_84d07028b5fca2f6,0.008921253432748334
ck_f4a2bb10afa85743,0.004310944011624323
ck_4fe4b072f03f2c1e,0.004586926005335742
ck_9ad08fcc183ea1e7,0.003957829957269016
ck_130d3848b9dcdb05,0.009158948996726295
ck_bb399ed6bf28c230,0.013363545913673756
ck_a31a64a39a2c4941,0.005789144395891119
ck_c49f25dfb39909cf,0.13952114880669905
ck_55f50a9ae2db8ff7,0.004493269583717455
ck_09faa4e771cf876b,0.006474541704693848
ck_df520a7a6e405889,0.03669097031926622
ck_8c8c98cc694ac900,0.2916245544272637
ck_7f0c4f609673ef62,0.017552747996851612
ck_f51fe59cd445d2cb,0.005487377595141646
ck_b3fb83f0d772a831,0.007065572987525629
ck_d6e7e257751c299b,0.0023208385440293224
ck_0d362ddb4a1cb6d4,0.022095243285753564
ck_a574a08edaf81781,0.003309913119338108
ck_a823f5bcb0e4b9df,0.003105088563251857
ck_f792586ad0381eac,0.03668080114975736
ck_54bfd70022c66983,0.04472390006922994
ck_fe0a9372c9372de9,0.005843459019524925
ck_5691cd6fdb6d8147,0.030714820525871395
ck_a95f212a02433d23,0.016832196977424715
ck_f5adad75e1c06731,0.016157950079395047
ck_e09c97520eb0533c,0.005870563071312557
ck_a1e13c0d58560340,0.004687078340229906
ck_cacc2ca410cbe80b,0.014862674592703308
ck_c0dde2a6ef1e08c5,0.004327873918256377
ck_a04403073c90ce38,0.0037510762020341363
ck_03d3026107175dae,0.023228435919395263
ck_50176dae5b1b716d,0.005502945964069768
ck_6c084bfcb38e96c3,0.018960657951238944
ck_36d2be9012f7909e,0.0330419501764798
ck_958acf84c6137a22,0.04190579280689942
ck_114722e12db90a73,0.007466124682012361
ck_203c2a22c0c165ac,0.004922449028099999
ck_2c44ca550e5cfa82,0.030316705300315966
ck_df0a8f20ab8f14f4,0.02710048831986357
ck_826a27ff7555192e,0.006528135966319684
ck_09a988ebcf062297,0.01671807947711775
ck_5c82444b3b9160ae,0.004904100746604106
ck_f6a4a7ed27fe76fc,0.023354463334615667
ck_17de46314b5c6a92,0.007173312402801414
ck_335e63101b1e6c4c,0.07637342028580002
ck_c5eefc0697451de9,0.01417018148553694
ck_49a0efb5d4067b6f,0.1545439065775523
ck_c1f4509c8f5dac5c,0.007081247386327314
ck_57658eda1c59bc52,0.0043378976462139516
ck_0d5c0736ec76385a,0.0031819458378613994
ck_e0239e6ae30795a7,0.043213764370229966
ck_e4459115cd8e5e4f,0.043093770045950594
ck_bb4aec09d4968dda,0.1406582320702938
ck_a1b4c96faed3e0db,0.03773294819248523
ck_8247b79ac67aae7d,0.005876774767400822
ck_fe2fc7d6e5d83f09,0.01993996183854762
ck_f6aea576cde8d592,0.002711461981018036
ck_b7e7f7d0cd886412,0.07224920492839242
ck_ca7b993e8286af7f,0.008976663840832642
ck_47de038381a9cd65,0.02662990986623704
ck_d38f941d09eec820,0.08529787767470558
ck_d9ba2a6c0d926b4d,0.006159321191327677
ck_cda72f597330d0f3,0.005542940596523523
ck_16d2d27fadeeacf7,0.009171901572753306
ck_be05447853d423a9,0.002980612190793511
ck_cd92852d7376a4a8,0.003741696346668428
ck_2faf7ecccc9fec58,0.0021089208569639822
ck_db8733fd92f20cd7,0.010642711684507443
ck_a9989a3a94c26634,0.02682155343711224
ck_957fb25437c75e41,0.03046936536426093
ck_e6a6caf6e7de17c2,0.007842073793980995
ck_f7bc569b37e8bdda,0.006450520802058431
ck_703b375dd86a6124,0.03456129978700664
ck_d3cfb3603f2c6ca3,0.03381151576319112
ck_07cb2b6f2a4303e1,0.017773252251357733
ck_31631e2028d4f855,0.006290234880990813
ck_1631bab0ba1256db,0.014131555768284457
ck_5fdafeaec036f016,0.0258399549913417
ck_6eda4c36aecad602,0.004675213724740026
ck_bd1bf9e3e29de281,0.028799729795309866
ck_bf378ea558a4125f,0.8168685137130606
ck_7aa2deeda0e57412,0.9732955609127087
ck_d229cf7f5a3f38ca,0.02129454023266259
ck_9e109edd124492a5,0.005484623835387446
ck_779491819995625d,0.05399242986852418
ck_b89c6fa2ad0a12f5,0.02406273403545382
ck_1d01b4a609918c4e,0.8043495588651156
ck_714c5d7cb17bc9f2,0.005408267870504636
ck_269f1746f2609ed4,0.05123028571572552
ck_4be03a2aa62b93c7,0.0032413207849549923
ck_cf920313f6dd28fa,0.008425427338590072
ck_fb00aae4e17740c5,0.01618701206744202
ck_085d8c42739e2b10,0.9731285675194156
ck_c72a7d0d03cf3e17,0.44745392018892516
ck_8f6ca5d3b17eac6e,0.0033387570294066784
ck_d9573100bbff4014,0.17931041357480046
ck_79d6793d1d0cf43c,0.004043575450900704
ck_91fa5032f7aff0f1,0.018584155948412416
ck_87110d84872c0fed,0.01303853307545884
ck_8220da627e9992a5,0.008177621401757333
ck_2ae44938847f3852,0.030269970015806204
ck_b0f191e44f9b6f35,0.02704318240236658
ck_3049d744b527f4d0,0.005548250564811488
ck_47d3e8d1dd3fbcef,0.021920229638379973
ck_ddf787359d2b5deb,0.0017018609502493101
ck_b27a9e39726b26d9,0.004221828868099643
ck_80c4e9274cf976b6,0.9636388502246965
ck_c6afa913168ce8fa,0.003480907632137809
ck_52427b3f8478db19,0.027399337304837627
ck_3b810f15ca0eaa55,0.0055332257179269775
ck_0c9e420f97baaa06,0.7456415887789031
ck_f8540cf3a8b2f8c9,0.03454275734157676
ck_1402d24dd623df72,0.013443393232806675
ck_eb4f4267e24d042c,0.012731327472680617
ck_6f661b428d6fb8e4,0.042752854933633525
ck_519a26ecf3d29c90,0.003965971510089056
ck_e886ba71d4a6fd73,0.021874040010634543
ck_437f9ecd2016a1a8,0.008606833630121784
ck_f01af1b0c977cc06,0.003274724051620496
ck_614f777c2eb5d537,0.0030174589989186524
ck_b804e784cde9af8b,0.034656673135115786
ck_c2dccbc1b24b137b,0.36867535251614075
ck_1df4a1781a0f6999,0.02193972401162803
ck_bd2cdd53fca26171,0.0036439729453978287
ck_424c254249a109f0,0.01764610911746584
ck_cf2ca4f286e289ba,0.030839831472214252
ck_6c33cb15b0d8af54,0.005224326020184089
ck_311d395fa9b8550a,0.024128171058184895
ck_9f792e7e721ff7f1,0.003153046527396656
ck_4c37586080edb7fd,0.003602439830841134
ck_7c4f42c5397113b0,0.0038901580886252104
ck_fc418f53ce4aa579,0.9363872355498838
ck_1ba28fb7ef726ce2,0.017553814509957872
ck_d932f98bf6b83956,0.5708471019170318
ck_248b3659a9239240,0.005553407058357051
ck_6a92cf5f4cf5de38,0.008654332619119166
ck_65519d0fb137e0c5,0.02863764872037811
ck_ddc3fc99eaba2064,0.09047259131278622
ck_7310cda3bc65a73f,0.010354813425934691
ck_c01c85bd631d4054,0.006721071452973117
ck_b4954d16b9749829,0.017552747996851612
ck_f301f6758e170d66,0.026868998503022913
ck_9bf95f8c47e7c7b4,0.004229669388311694
ck_c91b7fccf6aeb4a5,0.038690132124484335
ck_785fa45e86bc5e95,0.005194553464837375
ck_2a65f1cc23f1180e,0.0037447349472680357
ck_a49a2c1f881a3560,0.00604938588455578
ck_def344d68f06d749,0.011193721011496259
ck_abbd1465fc730d78,0.007538589222134937
ck_07a5610ed28162fb,0.0060530736022875705
ck_7ecdee2d7127be8b,0.0054541924480885715
ck_67858bc00e81490d,0.003014431007106554
ck_b4ad165ace910222,0.005937246052339228
ck_30753ffe481a1b8c,0.34123512374602055
ck_c401a26725b17177,0.0029246447266027937
ck_819988d8a7f26415,0.004330609019016657
ck_3364a1d9261b3638,0.004329298151184442
ck_c484c5bda389bf20,0.002370084220873962
ck_ae416325fef92c9d,0.8913716291783248
ck_5517b9a865960542,0.004215449621474473
ck_a0e96fed380440b2,0.010696716017301761
ck_e83409471d2b0b44,0.035284684538733804
ck_127273af97d7827d,0.008799628342445687
ck_aaa9861c91bd14dd,0.008461783313888535
ck_a378c58294001a36,0.9036241321904012
ck_abb9d65ff1f95b64,0.1530765067971044
ck_a5ecbefa849ae569,0.011336367798755485
ck_aa9953c0ca2bed7b,0.0020568483568624268
ck_40bc6de252865f32,0.00461792599640464
ck_9fb11688dcfe1513,0.005453250925363453
ck_ba68841ca2ba073d,0.011904651671716822
ck_1d3e561a7d20be0a,0.9678401211773728
ck_99a92d710a29c1d0,0.016906919014199814
ck_ede2e887697ffac0,0.00561305017372836
ck_e6de67c0d82a7b83,0.04630867386294987
ck_6b38763bf5ddbcef,0.028648415413864387
ck_8dd44eead7d765a5,0.012946369460579293
ck_30bf5b0056eea9e9,0.8151333702015462
ck_2981d16f8a51a8ed,0.02396743333405482
ck_fc60f42c68c7024f,0.037099232590636064
ck_8e2b2251ee224aa4,0.013187777391502113
ck_1906f0dfaf6e9bad,0.8650201507235578
ck_dcbe6814fc4ca0b4,0.023310957017604196
ck_f7e958a286ae3b57,0.004662987357561246
ck_713649668a7ca824,0.01370578469432907
ck_6f73cdbf9305e2ea,0.03604432075616664
ck_dd1c490050cd9051,0.018194134318105924
ck_e30db36e376606f7,0.2838281516687591
ck_740d8fe8028b5a2e,0.006314316788300798
ck_ebbc9418cd41f692,0.0035203027944945868
ck_7b3cc6cc3f250f39,0.194775835634094
ck_1d30eef7110809e5,0.39051949373912587
ck_77e0589ab339ca66,0.004788323957846009
ck_15ccbf8ff7d14086,0.01580569372601858
ck_246989b0c288664f,0.018859963722521397
ck_fc2a6e27b10b10e9,0.0020889351794942143
ck_8afc1112c12f5402,0.007109906405762543
ck_a76e8d83b9141364,0.02305234579370978
ck_51d3e8dd7465c015,0.004898014066315509
ck_e7b4016909405981,0.004511279268227648
ck_e7a3cfb9bf908e80,0.04342535460004427
ck_2bb49dc2388cdc1e,0.00840637921253037
ck_94f4266ee7871345,0.010895167446196284
ck_b2c896beec146477,0.012147662718300796
ck_fcf5d4a4748cdd53,0.004565944095985899
ck_fd0483639811f62e,0.10580145849136388
ck_9a21d183524734aa,0.03824749383042724
ck_1df4b46c0a4c317d,0.0550526563298488
ck_638df9e8a22dfe0b,0.012381521448388853
ck_65acc43a6dc3e65d,0.011041842409905746
ck_7c67b73196e3d0d9,0.011232429993830494
ck_b0ee3a98175b462d,0.003443184289037697
ck_20fad010969f1abf,0.007972993203041108
ck_54b087bd873af8b8,0.005731186268364183
ck_8007824431fa803b,0.002385126508666098
ck_23aab322810b9fec,0.014495977747559778
ck_c8001bdb9aafc8a6,0.013187083870209773
ck_3a34c3ac83cf84b3,0.005920046934433934
ck_60187ac2c473a662,0.9750175700786118
ck_6a0ccd7357979f0f,0.043090880383106565
ck_27f20337bef5ffe0,0.017289923936670813
ck_f9fc468915afe49c,0.011733808382729088
ck_1eabc15a94bd9009,0.014112180368178946
ck_26896c494b2768ef,0.0029245996920839916
ck_348c874eaf0354f4,0.07955899488545441
ck_be9c46acd216b45d,0.01276998803414134
ck_a3cce46d15cc20a2,0.020306203803994168
ck_70804f60d9704128,0.05713947609534142
ck_a019151ca8e7527a,0.00804641121725109
ck_571133b2aa8ead51,0.02408847606828999
ck_0afa4449f20d5196,0.004703392985386539
ck_4d503c41cf4e5034,0.007298525825018139
ck_d6fb9cc5171e3e9b,0.8793170054897251
ck_05ed92a7c3e10e5d,0.028001434034223137
ck_bfb067986660afe3,0.1327263190898817
ck_c1a31690c8573226,0.003096835306068919
ck_cb88ef3dc1f42225,0.00215005259460117
ck_21e3b3bd998745e5,0.02965386974982878
ck_cf52e46fa54e4540,0.0032236133665790112
ck_b72c7ac4208052ab,0.021587415261632364
ck_e6465c56b337e6c2,0.007169883220820213
ck_5f87eb05d18186c0,0.04968649962887476
ck_263f6c5ff26b5e98,0.003091416928775055
ck_e0b7e2c0bbe228d9,0.007889125333303184
ck_b657ae3c146cb7bd,0.004479455338024376
ck_abac514d8167ea58,0.01062918452668289
ck_024dcab126876002,0.007987818812903206
ck_5d8481e2b38bd99d,0.05243373694195506
ck_edf229c17d25dac1,0.0371121852773593
ck_6cb7c97b72d6b5d3,0.019573719767116273
ck_c96ae2c28086a059,0.0817658854961518
ck_2f241b97c0f8389e,0.007851935807360272
ck_9158bdbb63ee8987,0.013916118902953255
ck_e7b40b60786c1530,0.011301507005466997
ck_66d38518f68e6194,0.004120375451147931
ck_8c9b57ad2a991416,0.008764638275474553
ck_cc91bd7152d3e9ba,0.01824506385649801
ck_0d846660c7957a88,0.006065277355230293
ck_60896cdac2212bea,0.11000797742593266
ck_dc4db8b932df49de,0.3055266380404047
ck_2dc31db181150e20,0.010511100493702961
ck_2f138fce1171e277,0.029123729346039736
ck_68b8b859a6ef505b,0.018362807674550966
ck_c3fe0c6c5e1f40f6,0.00435952337070568
ck_15886fe84866de92,0.011875389776151615
ck_ea269b35406473e8,0.003405561819034046
ck_3ce7cad1f69b71d6,0.021628496846354196
ck_054ed4288ee58d6e,0.0241760453404949
ck_3d4913a86f207fee,0.07961318428183121
ck_23ff85f9d2355e8d,0.011919333850492462
ck_d87ab3261322216a,0.0023223324782506915
ck_fac046ce336fe39d,0.004702637142499523
ck_beb97e498e6cf8e8,0.009589039224060531
ck_1f517e0ebf397b51,0.00801625575731392
ck_0af57ebaa45877a1,0.013719477901875327
ck_f99bc1732ce5e999,0.022887204246081552
ck_abb056a9deab275a,0.009378172987840688
ck_0bfc394c5faa65cb,0.024311768671832726
ck_ddc865af1dd5670e,0.016596218675176494
ck_68b5542459638b56,0.024463724998888117
ck_0b1d84252c0b46c2,0.0058050662108023185
ck_520ec32c4f253604,0.009843034541463055
ck_79ffcfee599d77c7,0.005412225514170741
ck_eb224c0fd146253f,0.033306430743221725
ck_0e477084434da450,0.03834173604744992
ck_07840bba5570785b,0.01977791344370792
ck_6b67fe8e310ab865,0.018297122420619052
ck_e2a1068c2fa22525,0.01636175201098794
ck_b9c6b32f6bd92a3c,0.004299383930423045
ck_c1e7d1021ae58f00,0.002232414019942848
ck_5d7801201749ffde,0.019909866221236337
ck_c8806749e263f70b,0.004389097729956237
ck_c9eeab826781dc91,0.013893811857996388
ck_309a432c160a17b3,0.00465804724479948
ck_b22e3337b8e3dbb2,0.014931466956976952
ck_79c30169c71b8033,0.8980874981748381
ck_5a6593d954085775,0.023301557838950045
ck_70b9b79ea1aacba8,0.015973116216516616
ck_63743141ffa11f45,0.012157348939877839
ck_dfd3dbd0d97a642b,0.009287762746682061
ck_635646a661f05b4a,0.022412087175945106
ck_4b123d6931b6d0d7,0.6660486154898365
ck_f2b0e7a47f442557,0.8154055316484222
ck_1b1df006b81d38ba,0.005050718963875505
ck_360237c1bd30f4bd,0.007327151395683747
ck_5e84bca0e362da20,0.009263495813351365
ck_142dba210ed2f3b5,0.028662481604907804
ck_a3564236069e3524,0.08570566438724309
ck_cf36d8b070ded782,0.04190262012495486
ck_ddd6625c5eddad70,0.004250274699884958
ck_ad54292a0b2f44ef,0.13815071876747495
ck_45cd5ef6b359e9b4,0.006404261739850628
ck_982c2392238b7be3,0.4333770339709914
ck_083e4ac78685c3bb,0.03815807285431514
ck_729cc0b46cc2e546,0.2840562336935771
ck_f2b8995fe5402759,0.0044910318421252805
ck_73e24f5a8da289b3,0.05901256395302943
ck_bd85f30c36f5998d,0.02044789535672442
ck_ee4ff3aeadf912c1,0.0047221359278247065
ck_63d2978706e193d2,0.03334631326506813
ck_6a0684436a1e66c3,0.6285849582837882
ck_182dc4a2f5a366da,0.008695694725770831
ck_e6fecb82fc2a82de,0.012421802736384501
ck_cfb06f07394dfe64,0.0021543202965184265
ck_7bbe1dc8add17ef0,0.010955755460376743
ck_5cacad76e02c8e3d,0.9690905145031753
ck_ca68dec0c7df5a12,0.008543114566871393
ck_e4c0fc52c82065d3,0.005825276000055569
ck_f9197b070416f443,0.004004416132598822
ck_2a07c7021b71cf65,0.01444256119423987
ck_4fa85cebf707de2c,0.0018121226430497588
ck_0063d2a9507467e5,0.016183534033127823
ck_ec986285fff05b7d,0.0049774676235716615
ck_279d43303708109b,0.01583404710830973
ck_a406bf11e48cf8c5,0.07410908102711641
ck_064b2aa3f0bfdb6e,0.010505259752459185
ck_95790440bc4bd2d0,0.005673410000899188
ck_70066eea13b4c34f,0.015795958526462477
ck_19468fe07e26f992,0.970913994365116
ck_86bfe328e0a533b9,0.8787070286504525
ck_ace3b96c977a7560,0.42961948907599534
ck_642344e5c652d8df,0.014214974372148043
ck_074be35c951ae10a,0.013908770312474493
ck_f14dce41036486a3,0.9790732031725276
ck_5cf67a3a747e684d,0.5785116657708422
ck_f7285b92648c1c81,0.0037756164678848943
ck_bef3193f124fca5c,0.03498189028170793
ck_05c4dcbb45de1f8d,0.004422107415572693
ck_d7c28eaa05bb7144,0.007664269826907146
ck_320df984791a1b99,0.0053095842883013
ck_f45bad1606fa00a7,0.008893349634520742
ck_6f81c199e986d9fc,0.010897297934670485
ck_d0c9633fed57c344,0.01462922409827241
ck_a3c25d6cc7478068,0.017009919140900408
ck_4185506d12cf9fa0,0.0024710123162484617
ck_7a02ee1bfba7353b,0.03250124524316647
ck_1b52590757c0fbeb,0.14970085932136526
ck_a0e5656e1cf9cbf5,0.004017139341675196
ck_ace21f6daef94f6e,0.005322578062652172
ck_646d8d0834782d6a,0.19888413785958572
ck_1f136a4476b5e775,0.03125943362272121
ck_325c7643cce02da3,0.034847301630206794
ck_9b5e7fe28208f5d1,0.005834743172205376
ck_05d81b1a150f31c5,0.005563549481382753
ck_0e9ec486bff403c5,0.019622368267082056
ck_ee13c091bc379188,0.012487310784440733
ck_f7a7f8f5903617c5,0.013135318142473408
ck_96c3a3517153390e,0.006467331853513356
ck_538dad7f096458ad,0.06028487863180235
ck_8758fc6622bbb7df,0.024201053904372598
ck_f7e53af3c91fec64,0.0065480131383971575
ck_80b50fad7f255e1d,0.0030550350469779426
ck_9645e7adc08631b5,0.021034404116618385
ck_e007aedbf37d6ec7,0.00813540939106693
ck_2951d76c41de2569,0.03847946479780624
ck_9439bff87e616d4a,0.004697050206531384
ck_a73045e96af0e4fe,0.010359121473027475
ck_7b382e533e2e925a,0.018731527009666786
ck_730226c2d216cacc,0.01470713119523189
ck_bdf837d761a7cec2,0.5493401144738952
ck_0b34197335ba3341,0.010924770529454128
ck_49170c4b31a20f5c,0.002829061737162272
ck_cd553ba6589d8bfd,0.023645179622538037
ck_56b992c6f136fa5e,0.012682523250297496
ck_8beae3d7328fa41a,0.024330868777982684
ck_1a065ea906ae3d6a,0.0027069493746268276
ck_e9e3381d5e0e5051,0.00876580964731146
ck_a6d4f998dadc90c2,0.7137385046061604
ck_d36733da917115a6,0.02256787503774048
ck_e738e920bbd74a7d,0.016884684164977508
ck_af65eb885a51048d,0.003427971245931872
ck_73f4eb09af29b1c0,0.026300332340292373
ck_8fc641b1750a2542,0.305066929608255
ck_41b954c7a948c060,0.004057470755767393
ck_25fc3010e8a0f6d7,0.0036286438167117564
ck_a2624e0387974e0e,0.021222005046987354
ck_5cb9d7b2329d5ab6,0.022454636202182885
ck_6c83aa1d100a7cd8,0.05430648617167229
ck_67025c64588abd1e,0.012866885232254075
ck_f5dde68f6f0468e1,0.004491921933031333
ck_46bfb2cfc29a6d2e,0.0111255309660372
ck_49dddb894d33f6db,0.015681061994797237
ck_f738b633b8862d18,0.00569142672804487
ck_3d6c3c00d854f5a4,0.19363735884793956
ck_cdb8061d8d1a6c5f,0.009183516127265227
ck_5e1b81848718bdc3,0.01035958802802332
ck_8def763034187436,0.014880411689926322
ck_8f8e4fb9c6190272,0.01060204162371394
ck_368b968b5f33431e,0.003620889446748668
ck_ba7e347251ea399b,0.019875965033597218
ck_9075432001a64e75,0.010762135578051635
ck_73c5371635aca173,0.8453319261056853
ck_81793387b38047cc,0.004267347179921674
ck_0cf220816e320ac5,0.010276742908596799
ck_820219bb9c761b52,0.1576267635579009
ck_70a932ab39d86a24,0.004423393712874285
ck_2c4be237a7ed79c7,0.00425531795349803
ck_acc764b49ef02826,0.6790253928781355
ck_74c3c3452e4e7cce,0.004202731825912094
ck_34dfb57e5bf31d2f,0.02850327018168494
ck_6ec39903f765956d,0.00937546533843184
ck_5986119e7d81e831,0.014482972690855045
ck_2ddfc948b8eac752,0.23464017991213817
ck_921ff5ceaf40a968,0.09338123571213376
ck_fb3b68b4424b5f92,0.024701407968578396
ck_c3db1b3ad4f16679,0.013519718180105136
ck_124a197be41687f5,0.013079588803651314
ck_c58d9151834f5bad,0.015633422110497237
ck_389607982eb6b701,0.8853007029325025
ck_fb0c138c003e933a,0.0036940897866078186
ck_50d0bb7edd8c69c0,0.01757846763743407
ck_c6cb651149dc9a8a,0.0042907401969608135
ck_81e21354e477eceb,0.04904615346304677
ck_7696e38b3e4197b0,0.061482042843226885
ck_586001d3ed9e7fbc,0.002691871089416359
ck_bba413492dc46f2a,0.009864115985262501
ck_95b894380ad2702a,0.053654868265368964
ck_277621473369614f,0.9800515658029584
ck_a50621b5eeca84b4,0.004191129985007849
ck_bfa7ba218b988cde,0.018631163586241534
ck_5ea89567dfe78e4b,0.02739460604825298
ck_6c679602a6476ab2,0.005579445388759041
ck_d3885e286b3b11d2,0.0185130124153639
ck_cdcf6671b37c9c92,0.019689438729343665
ck_b5c93e6d34f8d366,0.004687554281957981
ck_c24f61925dc158d5,0.06652389239828353
ck_cd09375e6c81d2c4,0.006517589329647429
ck_a95afc7a00303a26,0.01540561937169915
ck_8e89ca8b39f3f8ad,0.003371013152017451
ck_9a84b396aada3fa8,0.033024825132682865
ck_5124a2e415384945,0.0486729865018306
ck_d66bb1f063357f99,0.005097705965837206
ck_0fd9312411b0ac55,0.013212431494440733
ck_ad8cbe6e27e47ede,0.022723098080789084
ck_8398adeaf41f9cae,0.007453943618239048
ck_dcf851e7bb5855d0,0.013383700538542537
ck_9affb0f26776b642,0.004777920755824403
ck_f0424b3b36bdbef0,0.05069111188821296
ck_66746d1090d6d9e9,0.0046486428084586955
ck_e5f8c8a5824db594,0.01128222548194942
ck_3e91dcc209431984,0.022022968944865738
ck_126a82e8d42e5ce6,0.003561071410317057
ck_38e4a74ab256e2eb,0.033619183450956235
ck_1225a97fc413a419,0.014718897130523396
ck_9b5ec0f78e160e65,0.0034367422466267364
ck_7c5529bcc079600b,0.01834470648259633
ck_29640fc2fe81c251,0.012348594635672852
ck_160e9ba0a3f7c1fd,0.003414837721919143
ck_bff090cb4ab76b9f,0.009859463608067524
ck_aa06ed358e43db69,0.05363294798675033
ck_7264486eb512d84a,0.006417778080377316
ck_f5a32e6160b28379,0.005525599880413272
ck_4ba8bec14c2217e1,0.009500658851308972
ck_610815786d729d2f,0.008428063437141005
ck_e267999226b6321b,0.004361898409985123
ck_f3996a3c8eea1ea0,0.011013400634602915
ck_e9b75ed7567a3f23,0.017784385533984814
ck_d21612d48bb4f7b8,0.007634948242177031
ck_1f871df76c6a995b,0.14331009259005634
ck_953bd5de48ccd70f,0.6963640144208135
ck_02a9104419a6dbaf,0.009070710153742948
ck_1eeeee651e05d535,0.12977912878455444
ck_e2ab04136a442a98,0.0033640861072637977
ck_f0d806624ef3d359,0.003969700592994485
ck_4b68b38c1b3326a3,0.009247039457025036
ck_74e60495f8861156,0.016027333792873983
ck_398f3f4cf05c721b,0.00530659824122988
ck_f761b7650a0c1a85,0.012709060358284677
ck_7dadef33f5e2d94f,0.98090016920273
ck_6ff6883633b8c7ba,0.004421771880292456
ck_4d2159603045109e,0.009799835404782105
ck_a38bd07a5fac5c9a,0.004577370434213585
ck_f517f06551e69507,0.01181362674111144
ck_a7ea00a1760ad561,0.9701135003384947
ck_31fc51d5a3dfe16a,0.005061224250242651
ck_bac5233623b25ca4,0.01576276371683929
ck_385188ab27784fe3,0.06101870681599982
ck_9947a323bab5cacd,0.0502681805217045
ck_7973edc9f22ee7b6,0.014620482277696616
ck_f97c477986043755,0.004287447362068503
ck_1a3fd2cc4b4de196,0.07399837284755127
ck_e18ac29ea62cb435,0.03276012585799166
ck_9720a472a3e0140c,0.004162196952008313
ck_668c7fc7d7e47c0e,0.02267996981360265
ck_214af0806470ef48,0.006222578259944194
ck_a46c1773f01f0be7,0.03040457122208136
ck_f2bdcfb4203ffdee,0.01990473985574864
ck_40e84e6ffe788a4c,0.007776128507704712
ck_dfc6f5712d8d6678,0.15719165307563546
ck_01ef1036b2e66a4b,0.01992665785041308
ck_3acfec10eec32f9c,0.0077245413905015275
ck_084a85145c15ed77,0.0038346471042909947
ck_fcdb4fe2f095fba1,0.022723098080789084
ck_023908db0a193076,0.05583980086407719
ck_fec0ff92fd622253,0.007112074848244062
ck_c009c97d5fafbced,0.058679666590796466
ck_eb9f0c06ee017ee5,0.013686271482571254
ck_d7792b429620fc24,0.013445595929672718
ck_5e9e149a3b69c726,0.12474517901543958
ck_ce927322ef8f651c,0.03252956026771758
ck_b8fd61a8e82bce32,0.8744910957255558
ck_9aafc33fba1474cb,0.011583318412511852
ck_ce81ff9b8b35562f,0.005644182533871078
ck_25bfca1d8eaa152d,0.018238594185018775
ck_170c65860e2a7e23,0.008181658813348236
ck_952da7ca9f33decb,0.0073550999752418755
ck_1ebd574406235957,0.010820820595476928
ck_589109a188adc2c1,0.002441136629225221
ck_f0cbd5383bb07778,0.023100106814423173
ck_242521e261148fba,0.005346721959702877
ck_509cece86a558de4,0.005153883962832937
ck_0dd7c5925d28755c,0.003849831236546809
ck_a7e669cf1c3985aa,0.022309962691140137
ck_acb84dc2351eeb76,0.0030663024761745927
ck_b837c7dac2a9b931,0.006814192310786246
ck_18eb1f9181f95df4,0.005253073381373805
ck_b0b9047dddb1ec84,0.8630444449818166
ck_43aa136bdb0a2832,0.8354068109112415
ck_3e47f8c56c811700,0.007622128343515213
ck_77c587d24695ea15,0.021169405885265405
ck_20578ac693ea4e93,0.05865451175390634
ck_b9f6040eebd1605f,0.01754014882165648
ck_ca9d86f65cfdf018,0.009712541874773021
ck_a4fa8833995c716a,0.007639259549080642
ck_f589f1e29301b5fd,0.02706791603040192
ck_961ddb8ff55d868e,0.0024135512098313145
ck_5662492a54e6688b,0.022697730737617303
ck_ad48826c1c26eb78,0.9364940812222153
ck_621c9ddde6bf2eca,0.020115191218748864
ck_417a3500b2c717b3,0.01003291908089527
ck_c7e129058beb3ac1,0.017346969077971803
ck_ec1c902b9b9b9c5f,0.19461114242481048
ck_317360ec0a67d27e,0.10478391328682496
ck_3e3ea5d8c4a229dc,0.11607543935071195
ck_d11d27de7bf0b973,0.3601483381126032
ck_d37d56e931105db0,0.005047983264646272
ck_4863077723cd6ce1,0.0024591897208887186
ck_479a065d5903e9c3,0.01208542833856146
ck_e66ae4fd586fedea,0.004355799039097271
ck_192bbfd0d5720134,0.008582057787300692
ck_3b436cb29af99f3d,0.010999466139582645
ck_7c7ca54969eed187,0.028773458388848053
ck_826ee896c9f1144d,0.8978678743370678
ck_ba1f6dd43fc8a0b1,0.005678054858671699
ck_49685deb63e4e8f8,0.006452750309330015
ck_687ab5d5554bfa79,0.011859446176064423
ck_41346ccd9242cc8f,0.0029306651332832436
ck_8f8e5e2b9dfec3d1,0.13491140133553867
ck_94d5ce61a0c50465,0.013619064229934228
ck_6b954c75aad8c012,0.0046453851727916275
ck_748af92828c9d288,0.011394253769291733
ck_dddd14091ce812c2,0.007379035539579576
ck_723323f6870fab59,0.009467109363452629
ck_dbdf8d0708cc6718,0.01340724151983829
ck_f04938570a154de3,0.005239130877285137
ck_58afa1550b3b5294,0.01827164971285964
ck_3b150afde386ecff,0.016987046785940593
ck_666b95e75d99ec4e,0.897597977077976
ck_e00332597cf1eb24,0.020391069156387068
ck_9a9e3dac79280d7f,0.01602675665414525
ck_e8d37262e859d9a1,0.1356923560675479
ck_895bb39d24bc1c4c,0.004136693185546195
ck_b367449195e36499,0.007306510128388657
ck_d23f9a50d1135ce1,0.08831662111009056
ck_670dc4910cf476c2,0.007653294307727288
ck_3ecd8a5ce65e21ca,0.010812703444716909
ck_8584fea2df4c6317,0.023444606836842494
ck_0789ff4562202b20,0.010634384537020841
ck_749e0e50c3907be8,0.002899601882353114
ck_c3ff6790cc6d7e34,0.005186320106697006
ck_75fb7e56432ee4b2,0.01015066649826288
ck_529fc3170fd11abd,0.0411736832789126
ck_34a69b3b4a681796,0.26246673594944464
ck_255f0e5888ae9e23,0.012974295600022778
ck_65be698386474170,0.0034458041650293064
ck_5eec9ed855c26000,0.00371652079098792
ck_5ab39bdc9610f6f3,0.7177015582281187
ck_1b5b75762f033462,0.004927237522575439
ck_d3e208671cf37f91,0.978077826476169
ck_5068ee554ceff971,0.03247696223117462
ck_d7d50fb57fcb2d0e,0.003665061689596239
ck_ba6e1115fceaa067,0.023785350956601302
ck_d07bfb16a4a7dac0,0.9221792377803432
ck_ead68310311690c8,0.7876101605313244
ck_ee53ce862bc9c111,0.007038813111022325
ck_97e56e6037024dff,0.033882458798856034
ck_80b04344c98ec072,0.02382834812329772
ck_5954f45a2ab45f43,0.12047275317858419
ck_18ddf7e836256e3b,0.01765033955331369
ck_89a1a780144d808b,0.006222389439203107
ck_a7331e8b808c39aa,0.042425653606974256
ck_a1fd0ad03ff9b776,0.05370778709946046
ck_c0cf50eef030b401,0.0019288513476042521
ck_074f20921189e7d6,0.008818859319700586
ck_e2aa7be60794593d,0.03599620768563212
ck_72771757dfb7f7a8,0.010073195615175898
ck_a9cd84a6dddfe584,0.017811243718200934
ck_142c00f9f8557504,0.02868734905453322
ck_221b5d40358230f4,0.01571217474036304
ck_a2d7a563f520b7ea,0.015693322902598835
ck_66cd34bc568d95e0,0.02813467896671088
ck_a17128972d3e507d,0.04664476918578208
ck_bda299466bb2136e,0.018280141711421182
ck_2b699066665abe8a,0.029296975025074792
ck_0ac9848bd4ba0c14,0.003191821260585985
ck_98d2f9a6ba3a3077,0.9416521405406623
ck_a872df31b28a5f7f,0.06695669970916047
ck_7e73e1d44ce82ed9,0.005924256742590483
ck_1a415416f620d49d,0.012786416338264881
ck_c95c786d2f8b8edc,0.005796170769210176
ck_e45012f22b7f91d5,0.003227929088868236
ck_aa0b083e2a6813eb,0.017498274552353667
ck_4666232ddbf77756,0.005002480195078645
ck_e08e9c8ec5f23d8b,0.006067362691601211
ck_31d4c0518e5f52c6,0.0024719128076405882
ck_c1ab40638f04cb02,0.018638968714605752
ck_4c1fdd1669c7cf51,0.0032858405901135435
ck_11662cc7940ffc82,0.05867043265132751
ck_2e679af24adedac8,0.0031519072890958746
ck_454b9e21b7f25a4c,0.00404195933215403
ck_355c4f29089731e8,0.8714234590811181
ck_507e40760a24d2d5,0.0224042936689981
ck_0943e0f305078e34,0.9645359517068782
ck_abc54ed7111e9ed1,0.006446798529693148
ck_a60fe02fc04407a9,0.016119688424401892
ck_244b897bb4d57c1f,0.0042519170356975595
ck_8c84fcde93a04334,0.7736437612649636
ck_9eea37d2de633b27,0.003623570700259794
ck_b2cb9e6610eca967,0.026635410365381036
ck_09aadb4c41b166f1,0.027319968918033222
ck_8d94fbb4828ef326,0.004143137290996293
ck_089e3a07abbe3b8f,0.010186370638626303
ck_dfee9de05e3971cf,0.0028652412332346574
ck_6abf8302ce052451,0.016478710913190826
ck_6ffa90143838a4a2,0.0038402076531353106
ck_325caeab5c7a9c3a,0.005763190798485883
ck_1964ee9db929a173,0.9382408959076001
ck_942b95988a6245a6,0.09940844804096675
ck_913ecdeeb8e21a9c,0.009755011940291769
ck_ecf9794349eb4b3b,0.04532067549717312
ck_b6cb8d6ae828eed1,0.012432016662768306
ck_2f82ea66c4f53b33,0.07751671316750634
ck_6e676daa4855b58f,0.0850552201633747
ck_2a37fef48b44e9c8,0.011564019283098083
ck_3bd12d468fdc2450,0.0239529475985353
ck_1a28b6a40a6bd3b4,0.03546275357693597
ck_61b79dec96d15713,0.0021861348246184635
ck_31d5e3daced93d3c,0.00594710816624676
ck_e6c8611c0cf233d7,0.0026960493377899057
ck_f04761b4a937ac3b,0.01032516688436509
ck_38c1c75cf055031b,0.03052749500532982
ck_59a561f3df01441a,0.1794824286790272
ck_04e40f556a5062ef,0.04319463603551341
ck_8409716d174635b6,0.007873489491963169
ck_3019afee83342701,0.020647018781096895
ck_b51a58e7f032c9a8,0.026187795484313235
ck_5043e474f848346d,0.016822339952671964
ck_4388abce33ecd01b,0.824981056564953
ck_c93def7392f0aff5,0.038489231056529016
ck_72e7b1acc19df820,0.004283562151605857
ck_f253130dc3ca5b3c,0.004960603683210762
ck_eb264d1b180d4b4c,0.013405802632793978
ck_c2504f5a113433ee,0.004785154704287106
ck_c16ab1e4dafb4910,0.09470112720488462
ck_4bc42878fa180991,0.005844345717526185
ck_1c771a7c78f6622c,0.02304277877412518
ck_d523f0e50a2747ad,0.006696453884377199
ck_9060f4e7ab7a1b0c,0.005881205957512182
ck_6b55ec4e87a5e22c,0.7313730934641068
ck_55fc62a5f89a7251,0.031782489566674184
ck_bd2545c62f258231,0.03472973780338506
ck_1ccdc69d0bb712b4,0.021374747615110417
ck_710f867a3bd5898c,0.0041655235010391
ck_f91d48c40337d375,0.00492858583035522
ck_f76d929541ed41dd,0.04791451829258204
ck_e26a6659c237b650,0.0160804203732256
ck_184983177b73dea5,0.008178752881154104
ck_6d0d081bfa8a0022,0.02955778985346048
ck_2f6e64f638da0f97,0.005269558040393824
ck_15b93103ccd38609,0.01812746648722939
ck_094d10439b7b4eac,0.008226882541472956
ck_d2ca47180a926ba2,0.005382816071197204
ck_a69ca7b9d70972bb,0.007272978443453853
ck_68914e67343a7d32,0.015159105070142195
ck_8176616132458c0f,0.024803902686553685
ck_eee99af3598311b8,0.03907826658441075
ck_94410eedfca91304,0.025728126164859127
ck_cfb11a0a2325bff5,0.007398218623715147
ck_75217ee144b715f8,0.02827008652908325
ck_d56fc799542299b8,0.004565186728112344
ck_4c352dd3e7c81269,0.009427974801308718
ck_e23e50e02cb3904d,0.11224159627577161
ck_b921af37d500e139,0.005293020443662265
ck_82181b935360dcbc,0.9764681065008392
ck_22a7cf3b99c5e5fd,0.016381270897780534
ck_f67ee7910d532216,0.0084338489205379
ck_5f48762a14a0326f,0.0048107009622884835
ck_1757fcb0e6e3f88e,0.12673731026772786
ck_2c2f080ba185016e,0.03264199916418323
ck_4c25570eb72711b8,0.005340534786452334
ck_a3be871ca22ac416,0.004138572404663458
ck_ab70961e7c6695b2,0.008473520426749842
ck_a1cdebfc42a52448,0.0028553557399851634
ck_f1b80b821a20186d,0.04382336979584852
ck_ae668e4564cd2aa1,0.00421500839542214
ck_0e2bc3a5afa439d8,0.29018036953101656
ck_3dc378f37d0b74b8,0.039756183790410786
ck_9f9555197480d1cd,0.00604740239239073
ck_bf4e7d48770a4a8b,0.0605259438345028
ck_614ef655f0685060,0.007874261266678208
ck_04d2ea38ee27770f,0.00803157489455489
ck_e03a9d8ac94161d5,0.0022557595663767974
ck_d4007b5b26d9d854,0.003608148205899833
ck_2dd147ce6d61749f,0.009162352513065202
ck_ff45764ea7d6619f,0.0065449405583386
ck_dbc487cb0a6c18da,0.8599854954221223
ck_791d5392bbd80447,0.0570501078704347
ck_b4068439c413b150,0.013704929671074928
ck_85df7b7de9700aba,0.0019301923500412482
ck_001e42551cd06e40,0.015671920189145417
ck_a6c02ae50932cd9d,0.007409721119814513
ck_9fd0be2c018ff5e4,0.011904539599695618
ck_32a495128395fde5,0.0025539659935865885
ck_b6f2a2fd232c141b,0.00588583454743477
ck_28dde633692904b0,0.08274827165998591
ck_a1a93c5f375f6021,0.0026357977190010072
ck_e3982142336782df,0.020422951295615055
ck_a9812ff3c111ea94,0.02133851164733023
ck_f04062216f95fa00,0.030768726645559102
ck_7c560467daca735f,0.0017007726489693326
ck_76ee10d6e2dba70f,0.03126167793910641
ck_3521243bdac61178,0.02725952716198776
ck_28588fb03b320520,0.04025186761663672
ck_580dcec33ec232b8,0.016901867736610204
ck_7109923fd7dab20a,0.005408990851799704
ck_7c872c99481c1e9e,0.010646097348104759
ck_46f4e1f5026f4d1b,0.0017121021661757002
ck_00d1ebc31ec4653c,0.21880081997031675
ck_aac70764dde15168,0.033252559538410276
ck_648c03f9aa4e45f1,0.04373377378190038
ck_5478eb69ef912785,0.3217266163083932
ck_79b8523137bb2603,0.026909577003357034
ck_795c49f312640019,0.0029876739627016204
ck_89184bf7b7fe41cd,0.2261639154622905
ck_97d4bd922996fa10,0.007063290470166777
ck_1cef30d08f3a598d,0.003821492389620047
ck_2f9fd36a4a40a6a8,0.005953454241178992
ck_40780fc0f8d6f309,0.03017101379448473
ck_9083ca9fec2a7f4c,0.010928402779881703
ck_62081bc35aa59931,0.006589062182930182
ck_2e1b46c5fc56b863,0.06142593361416886
ck_3d139692c51b604a,0.04358876876252565
ck_b5e54e22e3d6960a,0.008647832517438789
ck_c0c4be3f44311b04,0.009375139361416571
ck_82a8bdd2692c2a5e,0.0018820970882470723
ck_bdd2da300b530c5a,0.01673989066159468
ck_ee40498cd97183d3,0.004927947354282998
ck_70b9274473bd6dfe,0.00638184522528422
ck_473d6314ea614b29,0.006064385626263837
ck_7443d6dca8cd1352,0.004389339592017401
ck_3b49768b448b071e,0.008281186482087744
ck_b43f04431c267dea,0.00212774086038642
ck_4424a5223ba2fe00,0.012431847887531563
ck_819bf3e8231f4081,0.025009973435458698
ck_91d417507a8c58cb,0.0394321540753997
ck_e88e86b19cada4aa,0.02093291949329794
ck_59684167f9c6bf4c,0.07145796022165594
ck_d5f5b0dc97b9dc27,0.010158980210501321
ck_13d1b192bbff8f32,0.008952958257866175
ck_b21d8630387cabce,0.0054086319404908646
ck_e4ac22046699b99f,0.0036732435814994116
ck_74b848064f2ff45d,0.004139791750768166
ck_166aa980cc87fa77,0.12108516307399429
ck_98e337806104dd88,0.0024495748233223334
ck_66eb09be007f0755,0.036121483662418005
ck_3ec9b9d8dd7be11c,0.019423237564153886
ck_8b8b9de339d75d0b,0.01761197047462726
ck_6715139e240007d9,0.012773977036373693
ck_a0255ab46e122d2f,0.0036622198276732567
ck_66e81a4190c33510,0.0072395549815961295
ck_5d75ea4f5c9080bc,0.7862097088033657
ck_df69858b8a8b3165,0.012479655638324223
ck_e15252ebd7553422,0.003212318895993161
ck_34d6d74bb3ed11e5,0.001681934073782751
ck_c2608f78f6851d10,0.2781871823457582
ck_bb99071e8f58c8a4,0.41740555262183615
ck_06010f0df5b7cef8,0.00612024820779911
ck_8c582eb0f6c0148c,0.009054842723726926
ck_0034d010d28aea78,0.032540535204214446
ck_01c1f06692566ca1,0.0102930233465411
ck_4807726e797fb893,0.0225779056569212
ck_edc9668282e3c8cb,0.03723998793227795
ck_5486768475af7bb5,0.9336661643996512
ck_3fb9813849e51837,0.01743423492590892
ck_861af5a9a9a6d619,0.00525025768672767
ck_da39653add0f1109,0.0076944995229865365
ck_74a4244eb1f162e4,0.003447090466638899
ck_9a930faade55b8ea,0.005410381141829304
ck_fb6e06ca88519dcd,0.008439439975643687
ck_9776cd8263a9f415,0.005994494830703715
ck_b3dd1198ac5aea73,0.0051015976925320285
ck_b6675a04df1a4276,0.01810570535914594
ck_5c7ad6e731b69333,0.7237235295320138
ck_28dc0fdbaec00580,0.05058630925207262
ck_8e7a32f7e3905f4e,0.008788997642121621
ck_8563fed6674afc77,0.0056757782068457985
ck_9a2fcccb82da663e,0.007314996588053248
ck_6a519bdac0d94527,0.003943607918956221
ck_a0dab7aa9c4a39a9,0.0038790727550097786
ck_a3ce05e9e5e32142,0.12510332042659816
ck_7a7e40ee3f97c035,0.2478072107350091
ck_9e9a830785112a73,0.032210626225016664
ck_ab1bb02f6b189304,0.9273600751783446
ck_7b8cb0f90fbdc8c6,0.02219364631466941
ck_b138fc249e659e60,0.016929295819437317
ck_e73caa3771ec5e0f,0.005270324623635615
ck_18a55b06ccccd88b,0.029297336948958568
ck_fdcb1d9265d8fec1,0.013609239469861109
ck_e21a900556b382ad,0.008724787865061317
ck_c6bf67470f526771,0.00842270974571836
ck_b568ba3837afb39a,0.0029221171673292274
ck_a2858979dd5645ef,0.05030910601646651
ck_1da9d40837ebaa57,0.009377302857286234
ck_9341c7959543c542,0.0028181764809754794
ck_c8ad86806b9a2369,0.05453453464366378
ck_5c85d93ecfed4b0e,0.00737013831994833
ck_f07b09879d697b82,0.006586492196579459
ck_fe43da07608b1749,0.01056249109586716
ck_4bca22b5926b9c28,0.0068986252415537555
ck_aba573aa942b1d41,0.012298091842089425
ck_57c14e32fa4683bf,0.007573471060105373
ck_891530b489ce402b,0.0057723124184429625
ck_5e74fdadb93ff293,0.08521375422247615
ck_14436a409ebcc90f,0.012637870692930573
ck_00013fdfa0bd37dd,0.007829319704335435
ck_7dbe24ba01316775,0.04532386956221932
ck_0e3f80c1553c591b,0.015958967504403784
ck_3edc45db58760d76,0.0064182433159079635
ck_29076a13f539187a,0.6659144437431779
ck_b1e81b58b9a545ce,0.05945039211504117
ck_3f8571d4f7420b2a,0.022005534351933816
ck_7dff6abe4bd644dd,0.46855896214927945
ck_2884bab237af16b7,0.010452325447232597
ck_231e6dd1fe708000,0.005383639818796364
ck_33ecaa7b892e73df,0.008785683168867308
ck_b109ec4c63503030,0.01066226515248163
ck_a7f522382509cef1,0.004823426948571474
ck_748b3ea941d8b3b9,0.00478966489520644
ck_29f3a1737a2d9634,0.07415795877697375
ck_cee8d42475a0f020,0.0024467998164423963
ck_c6b6ebe145a8ffab,0.01408638673747714
ck_21c99e1d6b881894,0.005274692909823258
ck_5ad798286384484e,0.005434134179471976
ck_b621b6ffcc7f4848,0.002332284531165465
ck_ea819e337233475c,0.257544240734362
ck_9e3896c2668ce06b,0.013523385917676482
ck_501dcf1ead036d2b,0.00606749072430422
ck_8d5eda29a2cffa3c,0.007003280759842947
ck_4d3aa36ff83f1132,0.022209922860282495
ck_8e9faf94e3e6c757,0.002853091120154349
ck_ce0ec41f96951048,0.01958266773484047
ck_f09165d73ee903b1,0.004929295008868828
ck_a432b1bf1d3b3d5e,0.13366577233368554
ck_ea618f720ff0b4b0,0.00470828489417441
ck_7584e7bd755cb28a,0.004879007239145217
ck_e14681aad43e1a72,0.09494230640793096
ck_5e18870d8e30e379,0.022016090065877788
ck_ff7c26a62bda8089,0.0031936704414519323
ck_cc5a35175d381d5a,0.005652234898540263
ck_3c25029e40aa8a84,0.00987347846550344
ck_771247b5bc16c12a,0.015656406128371495
ck_664b5e02759f985a,0.00470490694818172
ck_692a9e8f504b9762,0.004034966159833913
ck_df8ad2deb0a4ffed,0.033337204052397
ck_eb48c0bcd12ea654,0.012166056008030854
ck_7c77e597c951cdad,0.01717346343740031
ck_4f75144c6f3b13ad,0.009621454730044353
ck_1bcff399166d7c43,0.01088043919824937
ck_975c2aa3d4a8c51a,0.00756212125803541
ck_bc6f07b06aaa4ce3,0.8219311592832784
ck_80b072b7f3c7e8e5,0.006972735819047319
ck_471e4018a23b4e56,0.07335111520386896
ck_53cddfba570b4a3b,0.006101012914954706
ck_630530e50764f229,0.009846375482096166
ck_dcef7887a4f1e435,0.012979759784510323
ck_2795921a055643f6,0.005995292680342982
ck_7456df89f3792235,0.00751757797231088
ck_5014a3b07e1f049f,0.9394937063072475
ck_d4ec44760cbe03f4,0.009169544579751651
ck_96810ad39d4cb7b0,0.005544992287587377
ck_3222ea25aa29bfa6,0.0028124657499238813
ck_f6c42001b84a10cb,0.1428297959772706
ck_5ac86682385c86b8,0.009783450336679954
ck_4280c33af57eb4f4,0.0035918388201399533
ck_05f79ddd8eefaa56,0.012585481004188477
ck_3a57a13ce032a6fe,0.003920764474941548
ck_a721f0d635fad68a,0.007677533334289022
ck_a3f821bdf408c326,0.007158989549869516
ck_0ada63008be5685a,0.009074028436637606
ck_8c949bdc6e8720fa,0.02175966285529083
ck_c0d2c56f9c722e99,0.9716647072884246
ck_5d2b9e6e087b8dfc,0.9711716338473279
ck_5217b55593a332ca,0.05121562415167657
ck_7a7bb9be5a7e48ad,0.024282454008722937
ck_24cd0d779e866287,0.00368066898954607
ck_7367917891a63771,0.030964271670986563
ck_4b31a8862a857e6e,0.8478948475134589
ck_81429c4910ca46cd,0.004868367095615306
ck_b35d803568f82d9a,0.01746994514130753
ck_4b00e75c2d2d0522,0.003858798689094158
ck_77fced07f6dff42b,0.007532511808396749
ck_3c9a06eb07c300e4,0.0026004687881762533
ck_b3867f7f494db64c,0.0018602293461251625
ck_0c45e54897ab34e2,0.024973633004561145
ck_507a6a580ab55c76,0.008576968108459277
ck_291bffc7809f896a,0.0027393881657018604
ck_3753cc5b9d02e2fd,0.004258140771672297
ck_4f63d5245b3ac1dd,0.00909143385290818
ck_9dfb2ae78659240a,0.026716002054429023
ck_90f6f5ced708aa75,0.00357913749359913
ck_8b5b5a6b5539e39b,0.9469502383022299
ck_4719112b55d20161,0.024433621865151238
ck_fec888a7108ca52d,0.9718375580260301
ck_4f5d022c99f118b7,0.009859675601405774
ck_e967ff05514b697b,0.06283783973437948
ck_839ce35819bfa4fc,0.004140586999407637
ck_bdee1221b9addff8,0.013286996928388058
ck_9cde4036d0914427,0.006426480133401199
ck_5ac959cbcc5e98f3,0.002818773750459377
ck_619842688294dabc,0.059741707712115406
ck_7373d7b04c7799bd,0.010721659317238359
ck_c1dd3feb9a0b6471,0.006512877550632572
ck_0324a4812ec319c6,0.0063855098594393905
ck_7f3685aa2933b251,0.05307965383761873
ck_06aee5a62a67a84c,0.06435177409388772
ck_3428910b44b9d08f,0.034077341243156124
ck_c3ba7534cefc1de8,0.008911313559968206
ck_1f1273a67cbad5e5,0.8590157585715564
ck_124565a11b2f8bb8,0.007570637531136125
ck_38e46bc861e0165b,0.017754483868780615
ck_c8ad3f01319c065e,0.021185552561738145
ck_3f94a34f5038f7c1,0.7125099701234819
ck_cee56be5a502fbd1,0.1021767814532938
ck_2b90b76cf4d162f9,0.015464733130536049
ck_884b2e463ff1d54f,0.010667160349704578
ck_fab4f2f8531b4827,0.041880745350124225
ck_4fc6256e0e60a926,0.00686259014222643
ck_0a2f8b2f8a5b6f02,0.009965926931207092
ck_9c0deab8a8367c5e,0.002183856746634135
ck_d3a2a4c011fa2554,0.04902667485130414
ck_4108b4038f762817,0.011208755704450327
ck_4df036e2aa7e1056,0.008687908850339501
ck_ec094eb1cbb3efc5,0.003919255310924578
ck_09f8f51bfd2492c6,0.07157638225880006
ck_b60fb9a10d6f4489,0.025468362308367173
ck_3638bc3388dbc1bc,0.07112314065251493
ck_7a58e0cc9943c39a,0.003628201032688813
ck_37dab6a0a536ed49,0.12799487940452656
ck_adc576690df5b33b,0.012298701501841793
ck_1383b2b1875000f2,0.008173875633782692
ck_43c1248db37a2eb0,0.005283507152422614
ck_29c11bd68858e923,0.0022029983252504952
ck_9401f9e11f65337d,0.026536422136200527
ck_ce5ed372b1a2ed6b,0.2582721366602503
ck_08b4619490e751a8,0.8670297890015578
ck_44b9125526acb05d,0.026638342419815605
ck_ef1a1de20d2124cb,0.01993919045252683
ck_e5e2624b7fc89774,0.029663858923140194
ck_f5100511609b92c0,0.0027543963991647166
ck_64f3bb17101b7c42,0.010256979038712052
ck_ea1e5b5128ecba2c,0.02097754693726
ck_516163fcf04d5e77,0.013797135803994366
ck_7f9a748110d70005,0.0042478040606828615
ck_d263b55f0a681cce,0.021332912107719534
ck_0e962eacf98a813e,0.0028620855648050334
ck_0406931800e0e2e6,0.00479179902135148
ck_0e9b982afc88a3a9,0.9722036398855955
ck_8bbb625384edebd7,0.0035927089445140516
ck_5eaeb87bf6207406,0.9811520535381225
ck_cc3318839c4b0745,0.0039504019429684
ck_08a0355d1f1890ef,0.01422737791015886
ck_af7ffd1a822460d3,0.30231850180141956
ck_2a09c7aa870edb6b,0.005050287930299753
ck_bc04f51c23290bcc,0.01209544402167417
ck_d3a8333cb389f4c6,0.00943757035866668
ck_88e3dd3039508332,0.021740037786177387
ck_b8c7771de9b57705,0.00789579824425149
ck_585ababa02383b50,0.005809039104163173
ck_e988c108754cee9c,0.01464340643994395
ck_4a691892d9d6cf89,0.018886131283770556
ck_7cdce37d895eefb8,0.009924705260644217
ck_483fb981a1fb4317,0.004550604900125167
ck_c1e5182bd99e0e35,0.6445002528964614
ck_9a1e3ec9a1839939,0.011685637949633591
ck_5c3f13de0dbd5086,0.007368224536939406
ck_f4f6f0caaab70040,0.004133727600626554
ck_791be3378dd7d64c,0.014120578975020741
ck_956dd784525f5886,0.02018504186632826
ck_098167eaf124c279,0.010915503210122626
ck_33ecff7914349ebc,0.040389117744051246
ck_e05d44e46c7174e6,0.01944255169747805
ck_1b2ce474fa6582b4,0.013500032254916777
ck_ab581082e8f72e3d,0.011061680988745864
ck_e63256667aa19070,0.006052183814418196
ck_f568772b6cb3febe,0.021148737972888416
ck_dd89a282375bbab6,0.07223626003948357
ck_a39d0bca345b492d,0.006231244840609028
ck_d12d2924d0f7a64a,0.01464340643994395
ck_6a548da1728b5823,0.9572335612828538
ck_6d64193681d2a94f,0.05227960711620085
ck_ced6b6dcdc7c201a,0.004776169274053897
ck_d1b0699d26282871,0.008432799863995954
ck_58f757e40a9b8877,0.041130396661289405
ck_3272c2c4a37d5220,0.925675267022766
ck_d94dfde9e03c9d1a,0.008433523154448442
ck_08a6d4903a7fbaca,0.008255653627930846
ck_6c72a36b05fa0f4c,0.01862459270354937
ck_dbb4bd4eda97255d,0.00811630861561355
ck_94b59bbc824b307a,0.005316381871375652
ck_0229a07185f15469,0.006202522928266481
ck_11bf1039f8b3025b,0.0039012705006499664
ck_36789ca11459131e,0.0949872549592824
ck_8572c5f5c1447c62,0.03290350139714575
ck_9e75c6641939f4fc,0.012861511381942876
ck_b45e47c39d4dc7bf,0.01586217265001123
ck_02903c48b6cfd65d,0.005471175193836301
ck_b153386f1729de81,0.0074998973797259
ck_36979996f33498f7,0.9102602847179131
ck_3c02d4dbbf6716b6,0.015750427175613372
ck_66c9a19963957531,0.03218088895070635
ck_bae8dae7cfd8baba,0.005147314418212475
ck_bba0ccc6cd968680,0.04496097951357657
ck_3267fe3aac05c71e,0.006905059390484821
ck_40052cac10562cde,0.015504903513224708
ck_d973444855403e2a,0.007221173809300867
ck_012519bb095ad36b,0.9770475741292424
ck_ad7c256ea10c4a00,0.11724542009757809
ck_70a60e095e9b706f,0.0029379956512857806
ck_f2734417c0db4ee3,0.0027690350137800396
ck_9cb89cc3178e0172,0.023070212435996485
ck_779cc0f2de4d5488,0.13811460736655468
ck_35f8656bf93e3b3d,0.024095941051876416
ck_bdd8eba728800e29,0.01619283388575762
ck_002cf760d173f0f8,0.007013522405598832
ck_b046067c6ca3831e,0.0037598122300086115
ck_a4a42d4bff8af645,0.0035615599109280888
ck_bce253d2396681a1,0.01303754816216155
ck_00dafc060c8de32a,0.07945357969441742
ck_968a99e097ee78c9,0.025138906868998216
ck_66949171b387bb93,0.019614012498315594
ck_ad305286702b1958,0.0046286497923063675
ck_4732da7e0d2dfc7c,0.004798511291003792
ck_17a95bba77217d85,0.03454275734157676
ck_3e2516a3e35067e0,0.010097391965097487
ck_0b615ed566da1f58,0.018192723308771207
ck_d2b3ce1ebabe9f93,0.025052242679034255
ck_a892252e4e0c2828,0.004537641775196333
ck_cf606fd6ebfdf9bc,0.012035035321833486
ck_718865237134ebe8,0.0028817757301426833
ck_878522cb775b904c,0.01691158708003305
ck_9ed53de6ef779ae0,0.00417280852700771
ck_3f16e2cd7e6874cc,0.015101268306532533
ck_3c59df37895ead2d,0.004868367095615306
ck_6821459b626d492c,0.0023891396548375607
ck_11c7667920541587,0.005027970387010961
ck_23a016cf6b98d89c,0.03454275734157676
ck_7137eeb394d200f1,0.01224048751055488
ck_9c4886c5c90ddbdc,0.0029780131055253413
ck_1422a7bf7756294d,0.9675828790835166
ck_7ebc5fa7f0d3b8f2,0.00835918751358313
ck_fcc2059a8d5c41fa,0.053388708691396496
ck_00ff7389d6a83e29,0.08846440792970196
ck_03129b41457795d2,0.012558554042473077
ck_38ba64efa7c38250,0.02523057285221361
ck_57a6b56b09bff24e,0.00886991983481054
ck_e3b3c5a80a567418,0.003228940655927891
ck_fc40a16adfced018,0.00861996401720944
ck_9d4b5e6b43bad4d8,0.003606696727008846
ck_61129937ee466b49,0.018933318157552993
ck_74112e47b8629c2a,0.043147915583028267
ck_b4703ee97f94d7fb,0.0037926412311788684
ck_e560f720a988d8a2,0.1943697861903807
ck_708fea345f68037e,0.004784202548393058
ck_25394c1b83e0b803,0.009691558530947341
ck_17ab24fe914ae44b,0.004214758882873456
ck_16c501470d9bb006,0.0059430199149558575
ck_628f449e248c19b7,0.16118834219817366
ck_6d64190623dea714,0.0046231102499637395
ck_504a45ee08db72b6,0.01261285298092421
ck_6cbb011e0c70bc7c,0.003792597858625092
ck_b3225a98acd04f83,0.003473657886456505
ck_aa37993f1c17cd1e,0.008275578451005093
ck_558cfe5f77a55a9d,0.008699631414941934
ck_0d0a1a021efea5b6,0.04465483513074648
ck_daf7aea023b7a8f6,0.08023720075234277
ck_d75f25184ece2b51,0.004966205261272496
ck_466d4b5366c50b98,0.004281845753470043
ck_88f27ab479063852,0.02177618999464339
ck_66779098e78c1760,0.0037324027837795214
ck_b150fe4efb449b05,0.005513938370851747
ck_9c3aa9f23d01fa1c,0.0059279798385796405
ck_6a01c375fc26705a,0.002165656614986417
ck_002eb6552b504ea1,0.014220239676187428
ck_affa5aa0bff9bb0c,0.020155275611028704
ck_027614eeba8b1a4b,0.003220150227306229
ck_67e075c982add719,0.011659796761757532
ck_399b0d510be98bd2,0.030126911824279127
ck_e9b0bca7368555ef,0.005378569077886623
ck_59c29d9c57b4f994,0.011330912373158204
ck_37176850ed68831e,0.027125663869866312
ck_a0db4ccca08030c3,0.9436025478115062
ck_aa188e5c25f7f42a,0.009786477102412112
ck_7de6997178207800,0.0907008826283509
ck_c729d19053387be9,0.011976848494902437
ck_f2d3e3d90608596d,0.382903302103116
ck_2db3fb565e0211ee,0.00384587555984195
ck_bed8a480e27e911e,0.012045317073784798
ck_d7ad9921a4d25926,0.011797655127550512
ck_2a59f23fc5194699,0.038786685690539495
ck_63601a58a6120d8a,0.014157164702707998
ck_efd7b9e22c6317d6,0.020646171555814476
ck_9ab42875a0f95b43,0.026855981062636255
ck_85cb5033fca7c846,0.023558803928893528
ck_5249b223000915ec,0.0466492227197301
ck_3efb0e9bf25612c7,0.004846798701523156
ck_678e74532ac19700,0.014973290929220074
ck_a980b296c95153f9,0.022360183824422113
ck_01ac687ce0d696a7,0.029639868336071268
ck_52e1418cf1aa9871,0.006282616222880642
ck_7d28da4f1dab09ee,0.6024128435565593
ck_010d0c2e6c1657fd,0.026132021022498498
ck_b524f7a2e752b9d0,0.005507517228498663
ck_cc447fcc24a0772b,0.20257698525014178
ck_2cb3c99845e572da,0.005382383804517122
ck_604c710141327a81,0.0033863201816682034
ck_8d5fa65717d2e0c6,0.013653653513942234
ck_31199510b40602a1,0.022804096237376337
ck_49e253ea12f4e922,0.040800934083057
ck_780738e0d71e7e43,0.003551054625024263
ck_2cd21137a07fdd7d,0.009496586664563367
ck_5e021f2a3b66e256,0.07894231042552403
ck_efbc79246e32c66a,0.011514273331021712
ck_9951bd806c13c7fd,0.03083155009155112
ck_7a52674e2806d8f5,0.013367829057586506
ck_1a319e509f1efa1a,0.003276773000822206
ck_c920901b9a4ba993,0.8729472743023906
ck_b71279e807d0b3a7,0.011267519296059972
ck_47e1032f490bb018,0.0061734416412189816
ck_192579ecdca7ff83,0.008811548486224827
ck_b1496c474c4a3239,0.0029429555585883623
ck_5e68ea2c5e893cf0,0.014149697196481308
ck_f2ecab85d4693b4e,0.015378972756280527
ck_89d7bfc81c3df597,0.01355794463259861
ck_7929284327667791,0.18044605306785425
ck_494ec63c5ce8e150,0.013529872780519809
ck_319b059bb2145586,0.032549239321318674
ck_ccb3767c239018c1,0.0047511664109684635
ck_a1c7adfe26e09a8c,0.007632661384549361
ck_0e13c4f73818149b,0.017100087105144594
ck_c285a51ed6214f52,0.03438193848745894
ck_916784595f028226,0.05242834982370609
ck_6cd8e0196365c474,0.007457950599182339
ck_57b657aba4daffde,0.13561867668803115
ck_562c76a3753fc7da,0.4336580948139336
ck_66cfc1ebc9a513c8,0.003634786445421092
ck_0f38d4aed68d7d24,0.4833046822285806
ck_d8ddf5e99f7859e4,0.011464522790492081
ck_41bc3efa0fca700e,0.026853877135584674
ck_40799e129fcf42c5,0.6023859696849487
ck_786f079389126e44,0.015301366959138822
ck_bb4c6b713eb0b978,0.02476009216058334
ck_4f01f7eac0efaba5,0.01300249122770056
ck_47d29c01b20cf69f,0.031132921326554878
ck_bf15a1f8d67a30d3,0.06496379237927437
ck_bfecad7586f65e4d,0.00793791565448077
ck_fc9f16df35190eb4,0.1260293834454659
ck_c09c914e416edd08,0.004737293167409472
ck_c54c5d8e4433b0f2,0.018697925588066856
ck_1694c28f44480e98,0.007468037743464551
ck_1dcaa3078dbb7571,0.003114310768368402
ck_af559f990c640e41,0.020988973312655326
ck_9b436162039a77d0,0.01654028080845794
ck_79d62ef181bd0cd8,0.010304065133518423
ck_23caafc2cd34242c,0.010661315309790306
ck_ffe2aa26f597e552,0.008811930342784585
ck_e6ffd0754ac08661,0.0033747983287165714
ck_beaacb4a783db21f,0.0061104823102510405
ck_9863bff41d24ce9b,0.011138356192599319
ck_323b9cc5c49f8ea0,0.4519039242351957
ck_ab3de3d3e41c2082,0.010585263597240786
ck_35c93b2924900376,0.02162126573063906
ck_5a9d5f9901e37e31,0.014918407583405065
ck_782b0be796164335,0.010593466976485274
ck_11960b5f1c7a5e2c,0.003986098446456325
ck_9a66cb13a9884cc2,0.004296519639941652
ck_ba666a425930615a,0.004081038432894067
ck_40140bef4db73741,0.029718834384709916
ck_e05e91cc180063d4,0.05584326865581709
ck_c7f6f45710bc050f,0.00947545423851852
ck_055fb9f2e1c8c934,0.022964613709993253
ck_58bb02d98e2b9cd5,0.016497541432866525
ck_d9f8efa6a7800f76,0.006808621315237339
ck_69691226c68fd50b,0.10897768625975365
ck_6f2f0396e5b1c538,0.9626572794340055
ck_78bc3f1d0f35ea6c,0.01178714745728275
ck_2d5a6b6636a2596b,0.005345868722293004
ck_7878545739af0a73,0.004117493698138182
ck_03c4fa4f3ed3512e,0.0035767715461117035
ck_1a9e51d092d62c84,0.865235778867684
ck_9f3861940d8d873c,0.02533657638283885
ck_4684fdd61c6a0fac,0.010036667554542246
ck_715966f86d5c913d,0.003913120283317736
ck_77f293d44b4a3d2e,0.03292260907107627
ck_24dae044dc05f849,0.014802897025362416
ck_00b9818e2064405e,0.01696085332480535
ck_c1c2cb49c3c1b0f5,0.6326678779659487
ck_bed50fc64fbbf8ec,0.007376773211160146
ck_4f6ed5ea5ab7c429,0.010884546612951896
ck_458531c22ec2f9b3,0.01235637513216889
ck_51c50c4c443df31a,0.6629796518191545
ck_732d45bd578dc39d,0.008838092060265194
ck_783fe5bc20cd02db,0.03226689996391517
ck_7f188aaa63d1d442,0.0074285399387365265
ck_ef307a6aee38d1fe,0.7816174147312532
ck_e37196b20968b73c,0.03336703251635514
ck_4ef9de711c3d93b1,0.015254275683979655
ck_17946516d5df71d7,0.010985930625376493
ck_3534be0f4efd313c,0.021185552561738145
ck_29fbabf855cabdff,0.0030070303657406235
ck_191673540d8486af,0.05887121008838146
ck_5f52728d777ff2c5,0.009037442399634405
ck_a045a19369016818,0.979442089166072
ck_4eadbe7298b15e96,0.016709949744641798
ck_a3a0bd59729fe619,0.007913859448497462
ck_a1e77090b1c6ccf4,0.007444639275358778
ck_69ab9d4784eb77bd,0.011400048510705205
ck_baa47383ffd50f04,0.004507908587201627
ck_e35b2ed08b9e55a7,0.003198790849451172
ck_b6e3af0a5119d9a0,0.01600427791170482
ck_a7c1dabf3869772f,0.07246334087730111
ck_80b8fca67a14e0be,0.45647984824270593
ck_dd9c5f0c42878e67,0.008925649273831776
ck_41ef7967faf5ce82,0.0020589472772132773
ck_a93560aa348d6225,0.025755338261756144
ck_ffe91d6f0bd93fc6,0.04977755903641525
ck_fbf630c960194033,0.005016157889075935
ck_497ed60723283c0b,0.015059663841674375
ck_2a46b7ca55239413,0.008428382241067579
ck_1a4e5ace078dd782,0.009907345345224234
ck_616cc31910f5de50,0.007699782556004367
ck_0d65bc749eb42710,0.016622666988090062
ck_2408db62e4395ccd,0.005847226055814119
ck_5d7721930106dce8,0.01836416783895328
ck_e8a6acea22b20312,0.1838243466083955
ck_e2f792fae128b18e,0.07937628093222923
ck_e6d3ce445b86003f,0.004983158199071337
ck_263334d722ecbc97,0.9141342093681831
ck_8c5b29f6666d4874,0.020705149252113045
ck_7ea0bf310fc20c7b,0.7461599842044744
ck_54d463f7fd89ec3d,0.06872801840412218
ck_79e45040dbdd6447,0.022062689432640132
ck_60b4d59953505682,0.8606365632350862
ck_fb00dd5021642507,0.037172810719436365
ck_f409ff994a210601,0.03322424582160515
ck_2ca0020038bfec58,0.7008338727136587
ck_adf84b9df54c3d80,0.014859093725966497
ck_942dbf632591b65d,0.03985007185764251
ck_454a7e4d859a3409,0.0029866532067899607
ck_2139062d4569aa07,0.006714620660718613
ck_e949a0f4df0b3902,0.7140434695647986
ck_bb113e3e6716ed65,0.010443235349631805
ck_6a28ea6ce69cb869,0.05747215537057972
ck_7df9910af2bba21b,0.00713794664426884
ck_78aa4b731cbfe251,0.0030494592416199853
ck_5839f5cbd8165b1e,0.0570981377930786
ck_7158ad9e58769ffa,0.05124143556983533
ck_acee218cbe61df69,0.019108174935478367
ck_f8dc8473c2772729,0.06405288263144042
ck_f34c93a8173555b1,0.05748419256071109
ck_7cf301d075e4e709,0.008634955945376699
ck_b87e88ee5512ea17,0.002138178802655927
ck_bed0c020b10afa3b,0.012437529731066451
ck_ca10102961f99eb4,0.004996396621929762
ck_393287947b5c8d79,0.015100030957937936
ck_2fe6cac002142f67,0.03482232704275524
ck_79c7f0d29b1db1cd,0.025143538561505852
ck_c735b643d3cbf67b,0.012056170118885622
ck_ea4332c8fe48e2a3,0.005837007948847436
ck_d39864119cdd460f,0.007232273805459789
ck_3b963d6be2773861,0.006228707061309652
ck_df39e3b8a9fd0bfd,0.5885445971563511
ck_6236a461dc0d11a3,0.0030092941826240453
ck_475ebccca25e30d1,0.01093159982157246
ck_c10c8bcf5bcd516e,0.16069209284422573
ck_49ccc3716a564256,0.03676397502010491
ck_4e4f99102f6938cf,0.009310176192808
ck_a97b481ade6f7972,0.01912941496852748
ck_3fa559c679751b3a,0.014650590301515654
ck_3eba1fd2c7acc4c0,0.18172081781354021
ck_18c179b4afc4fccc,0.01104988259864267
ck_cc1c0b93d05b7d20,0.04970007573133674
ck_742f7c28ddd019e8,0.022671427926821662
ck_04470bc93b8a0d71,0.00774624487155726
ck_6e8f8ef7a03cc6bf,0.02148261467818565
ck_eb1ddfc353b4da83,0.0026537968345770246
ck_98831b57c7ca2e4f,0.0021760104421884646
ck_a6c7b8d6e8596d4f,0.17591768556075807
ck_cd7d24e3b095e96e,0.044391742982213676
ck_3f5ae4673a9f858e,0.00892576806777726
ck_05f375fc8ae0afb0,0.015708078226807486
ck_1fc98436281ee39e,0.0021619668202077693
ck_6c48c58678f64bae,0.00463335072127167
ck_8c95aeec6a4c75b0,0.0035123375103414643
ck_364cde38958b7af3,0.083583677214799
ck_85bf21aa1a00452f,0.004501555698467319
ck_796d3eaabc667c23,0.969087212904149
ck_ac449ee0c315edde,0.004045562965722191
ck_6f9fd15ac6b163de,0.0033171367849126436
ck_4087065be2a45ad7,0.2832312323677851
ck_ecf006bbc78ee3eb,0.37958512939167915
ck_8ca808cc5a49cb5c,0.01681130786695002
ck_94b90ab8b2dfb50f,0.014566574125756867
ck_59fd11b3232de9dc,0.9404564271045392
ck_67f3794d93e2dd67,0.5882661745016808
ck_b7f5acf5df1bb13e,0.012479655638324223
ck_fb04ecbaebb774bd,0.01849645336324088
ck_68ef3e7301c621b7,0.011915643894156728
ck_41406cfa209b6bda,0.0036391477908470147
ck_b0f8f5408662337b,0.0100256649863786
ck_0d2901bfe585c391,0.04499822206516405
ck_3398551e81dbf3db,0.03223589836189927
ck_61c3e3e277629646,0.007593661717862418
ck_2825e34dd3e7ea2a,0.00599914684800256
ck_20d7571ba830009d,0.0037431604543242663
ck_c98b16f9a72a6568,0.00244112904953894
ck_e7c8a9e4641eb9ed,0.002981840190541584
ck_254a7c97c36dab8d,0.017818816521604594
ck_e98429675b46272b,0.003450862176089572
ck_c2fc0ac460786d02,0.01503298356757085
ck_fba15647b3a140d9,0.007988911149466149
ck_15ce50f2704227be,0.025749705351552993
ck_8c748aaa4a4554f9,0.00965270726498824
ck_e00e82a9419ff086,0.0167472542250491
ck_832341c98254bd84,0.009498095591904327
ck_27466468d06db4eb,0.017227423092377087
ck_9d7b9e3ff1f3e71e,0.0181281020721219
ck_42c6973d3a6fe983,0.004751261714947322
ck_877c85bad118bc62,0.007259597120889135
ck_75d2a2715259c4d7,0.05718412343804563
ck_37d3e5c681a2214d,0.3669418160017888
ck_bf285dd49f372de4,0.036427282684256115
ck_a5bdd026fa9c50fd,0.04167728458356507
ck_88d9244a9cf7a77e,0.8580002329437263
ck_5881b174e49b04ee,0.003720647246905043
ck_5b16d67c5ea89930,0.03331416086664708
ck_b75b936aafac56b9,0.007699384917532769
ck_aed2681e1646a0df,0.06672788822705919
ck_f63cb5e8cc702bad,0.014390216791054069
ck_1805fcfc4a9e4ffa,0.8381331082681931
ck_25c355da356c730d,0.01258992632126544
ck_70396398e4a96449,0.003643624892464151
ck_0f743bd13373748e,0.01309339615953405
ck_4b387765f0e916cd,0.0034742922944949275
ck_e971faae8a10a260,0.003958409412207334
ck_9eb08369e983abfa,0.004850195182240311
ck_c30c5844512e429f,0.016893564795718925
ck_59e77e3a81f1fa0d,0.027869944925524855
ck_ca4465f2b5c1a52e,0.975293988564249
ck_c89b9ca398402f1e,0.005090860404689018
ck_36e72ef9273e7a95,0.007300497799105258
ck_2bdd8616870e5e1c,0.004680413575166553
ck_216e87a41de22b5d,0.02836436439436598
ck_60f4fb44f5efe3a0,0.004656717909624262
ck_05652e8ace6ce6cb,0.0024928509149807635
ck_8c136dc691e65695,0.0037594387461297196
ck_a08f8dfadbdca112,0.002836786201726991
ck_bda4041a3e90d860,0.007130901022224282
ck_15dd3ecaa8ce0245,0.9348335402396217
ck_3e3c64b3b7876ce6,0.013890599826793255
ck_46225858a38b2e57,0.006833400648658205
ck_0cb9f54928f4feee,0.02033112905211828
ck_152671fbf8a9a78e,0.5263945195098872
ck_ee7a515e87d17d4e,0.0052493205431160105
ck_f7276091bf513d22,0.004004529391461255
ck_4f05daf1cf0d5755,0.003001885594370233
ck_83a69c4a5d55ef19,0.015292264153028059
ck_c50fed2a7c9198c0,0.007563222759413041
ck_70d19d5650ddc8f5,0.02070215247516423
ck_4b4d99e443618904,0.008049865716258724
ck_dca0b6ca93311ca2,0.015960304759035798
ck_b7431d4706461ec6,0.006944456299578376
ck_7b59d22cadef3b05,0.22187681621275177
ck_53428573abcd606f,0.011723793695946417
ck_f538ab6aecf2adfd,0.0025428574034457585
ck_d321249fb065d2fa,0.03727323649092835
ck_72fdfc7e6d8e1436,0.005493271419481902
ck_b52b99dad89ecdfb,0.010613984830063847
ck_d2d4282f9d256b3e,0.004645019039330268
ck_c8f2a1dd8a6141a4,0.005566103889189516
ck_8d38747058d0aeea,0.8393004610579569
ck_3ac528caac74f563,0.0144404797283867
ck_8dbaaa00ad829ca9,0.013268057155290199
ck_7c38ec898f0fc21d,0.003474366588450381
ck_8171ef803f5ff604,0.02266795127186861
ck_01a750db6fc1168a,0.0607796346067732
ck_ceb017baa26e98c8,0.38360320806939735
ck_e2c66c72cc0b0f78,0.045672246698227476
ck_8d9518f64b222416,0.00450933487246295
ck_804c5a1fa5753617,0.015113150115722725
ck_fca7cc9c42695453,0.0026665232361288748
ck_3a632cdf2c19051b,0.0068713968745372665
ck_b2b63ea65edf1dde,0.020122793436140263
ck_27b07021500ee841,0.010012689340931503
ck_9724718fe64c6557,0.9490705428001537
ck_2786cbc3e75ec034,0.5212411094803172
ck_d9c2622cb6df380b,0.015580965738123446
ck_ae1da8ee98e402a4,0.00803495446490916
ck_62967b91504149f9,0.004252420429749401
ck_6b255bf68709109a,0.006997989874988626
ck_c55afc68421d85e2,0.012540516772948743
ck_7c7266f6ef2a8466,0.02435011131540303
ck_885cf685a9541190,0.9825362367793906
ck_1a4bb7d3d2ee3227,0.006410488208974367
ck_b4911c42f3bff740,0.0027162891422789336
ck_66f9f78d4c6a3edb,0.022001987266340017
ck_49bdba9ee1899dfe,0.11860701738737452
ck_79b235d51718435d,0.043443526640969496
ck_d840db8cfe2ef6f1,0.004012613217629418
ck_610c7bcc1cd7ecb0,0.013883673070416772
ck_cf49b6544aff6c50,0.5357669462759814
ck_de05f97c3d40dd1b,0.03786434898216159
ck_0302f67d75973dce,0.011463053883720617
ck_54c2604c9ca6256b,0.009133341794012047
ck_a1c88c0568f142d0,0.08552062296481737
ck_5d72ff6cc2963d1a,0.0046368894471014626
ck_0446920a1004c596,0.0037427226450940836
ck_71044c29ef071570,0.009150683879552746
ck_2122e9bb1afffef7,0.008506991540080937
ck_d1e3de178601d3c2,0.018176572182419182
ck_bec8324a3587ef04,0.0032733721615329668
ck_b616b6f45225f319,0.05516555678754504
ck_ce1e695884511479,0.02683887833118053
ck_a662b4bf900781e4,0.0024767886756893844
ck_b5a84c5547378c10,0.007855418016478726
ck_f80af368cfc6cb7e,0.009056147278054264
ck_da3526ab6c5c884a,0.011503383374090737
ck_bd20be9a3392d79b,0.00575110028658571
ck_b8266dcd90cbfa62,0.004927947354282998
ck_ac84b33304362c06,0.02519216771257684
ck_794d8935a895e33f,0.041385553263214865
ck_8fea7d915259f1be,0.005543072759737712
ck_7a1519ad5ff45312,0.0037821763892062965
ck_9bf3ce30b65f75c7,0.07878480757399421
ck_5f864d72d1eead99,0.02258142263613752
ck_3c48e0cfc2a58041,0.3381431255316313
ck_d902183f80cc81fa,0.07516591036658142
ck_539cb0d117db8cd3,0.07765267793608109
ck_28f530aec8e77130,0.010775918213563858
ck_e7d903c50d353361,0.06809027918233265
ck_d288b77d1e227970,0.029355024778306142
ck_017208fcc01b5d40,0.004674283844244323
ck_7e3923d278a5106e,0.02758352112512789
ck_9700a00ff9e66216,0.008970028336033851
ck_5c36c78b7a4d138c,0.013766429183043586
ck_c457e9c9224b773d,0.01584369467616181
ck_1dfa91405d7e66bc,0.0033601662762230973
ck_f1d8a2695a575e56,0.005099111351289458
ck_3b92a46daf8d00d2,0.008828907529380012
ck_aab23b5470469649,0.004171147217729058
ck_ecdd01a391610d99,0.004624770701111809
ck_abd3aa292f8edb4d,0.032309659071861965
ck_7fc9a0776e1339e3,0.0030302555413908587
ck_c0389ebeb0e65cb8,0.00866427058954061
ck_48d0fc4f6a2109fa,0.9656025880178378
ck_571dee4f3336c7ce,0.010837306591050972
ck_4cedf26628c84f26,0.03552325125564052
ck_63356762d24aab81,0.01657900480003237
ck_2c5bc11bb7ae5d2c,0.848164050394028
ck_6d26a152f900fee8,0.006208046856665359
ck_c972b0e781efed3b,0.0028974417881603353
ck_fa0ecbcf9a33d6ce,0.005745036455125048
ck_fa3a766e49dc77ae,0.0061552884524607235
ck_7baf1e55db0dc558,0.006467853600074236
ck_e8bc49e6494c1f37,0.004730731228574543
ck_8ef1d05cc1e53e7e,0.24736563386483554
ck_cef2a485a77e0723,0.005353769919541057
ck_228a583f23abff48,0.006589711190836329
ck_ac32c6e374782b27,0.06454639043022747
ck_b9485218cef413f0,0.00490831779135254
ck_7f15503048915d6f,0.0029617147075036076
ck_b62f5144db15ad34,0.15670587426497687
ck_917d82c552f95a23,0.009768518900007734
ck_fb4797045077bc6d,0.006972781905412928
ck_2cf8a44e041217de,0.07496541479446547
ck_b7dd681eb3d2ee38,0.0064093699754054255
ck_e9e8cacd2fa35e79,0.08735157350805152
ck_342a79f91de5d1fa,0.013858570767109857
ck_2c91f62c05685ed7,0.0037428005668585246
ck_e30cb64302939f38,0.008782435332079473
ck_d0e95b90ba86da10,0.004650372552199389
ck_1774faf414a5d49d,0.9501051534487571
ck_2401e8ff89e574fd,0.686126280409488
ck_0cd8802264e0a1ef,0.02127297047846949
ck_da84a0dfe947fd3c,0.008909607928278137
ck_c8affb27ba7fb5db,0.007869262910403641
ck_bc7ece8787ca7200,0.006134003592059491
ck_469a0578d05990c2,0.004538418988053549
ck_eef67f8dea702338,0.07212916843221952
ck_4f490e379e9ded9a,0.003677665040581067
ck_354379de065a8ff8,0.006096796269051987
ck_5db1cb368bc41ac3,0.01876442501287157
ck_9b1c3742dd6fcb8b,0.005759205910952278
ck_63ce4f44c92d7143,0.021148231519682856
ck_e15e3390f5ed45f3,0.006366113172390882
ck_da645ea91d66aa6f,0.11309184949763333
ck_834ca727df855f07,0.07158570787236125
ck_e1d5ad20c737c745,0.05719322293130953
ck_ff8059ae5fa5f1ee,0.0031441882790726287
ck_8bb9e75393954a1f,0.003400337188798365
ck_4e1757d1347ab387,0.9789575939109454
ck_af3f74b1d75a5d95,0.02710846530613241
ck_6b1ab0742ff04c3e,0.03825711785367469
ck_f56073911c9f1ab7,0.003613023997037186
ck_51bd5f69b4fe0b92,0.8549289473960879
ck_fc3d95030b81f416,0.003681074370102458
ck_cf78169633a1600f,0.0036168655061020205
ck_ad7269eaa65c67f9,0.01381161878128209
ck_cc6d33890d47a6cf,0.025154983282443432
ck_bc8f31f4a2ffa1ae,0.003023998679825904
ck_720776a46e56dfa8,0.019604228250190973
ck_e2d1f212f259539b,0.004853315105480311
ck_eaf6f7082c3db2bf,0.029020140589474334
ck_773efe58c6278c3c,0.04387769097153869
ck_c4a72c09f2fdacc4,0.0067864772164826
ck_8982888dd6611143,0.01319922729461818
ck_9d5049e195eda029,0.03198218707634713
ck_de58ef6f9fe2b546,0.00835026858964235
ck_c0b50c11e4f5adf7,0.027896801774068548
ck_ddaf228487858bb8,0.13012884453287066
ck_eb2323215ff70362,0.01636998350642153
ck_168c96a1a636ea15,0.014446737810013726
ck_9c46711b14d9eebc,0.005545761937270295
ck_de8af660806b97b5,0.007168992986437069
ck_6ab83f45bf16eaa6,0.007125902407119508
ck_bf2228a052815840,0.006228076217401925
ck_3f943f20a9da9bff,0.004950094856440673
ck_3baae40454c00938,0.019100003531015843
ck_bc2e771a1d8d2dee,0.037970240172630586
ck_e55f5ca37f30ce8c,0.005112045260283163
ck_4ad5937bef176d89,0.005937702037877391
ck_126531a9126c17c4,0.0026541340723626777
ck_7ec423cb56257516,0.011420854395686126
ck_54748ae0f2daaf10,0.020620029688555957
ck_ff24776280ceeeed,0.005972419078533713
ck_3c3a1a1365741bba,0.0071128799655444785
ck_615277c8a4e2b18b,0.014938219501813607
ck_a96aaef34173aee6,0.6821137544537592
ck_bea56db7f3e930e8,0.008506494604520753
ck_ca491debd3b32a59,0.02237429788801469
ck_d9ea77f4114a389c,0.00254622111874416
ck_322ffda3332d08a2,0.022536808534560183
ck_c40ffefe4e30b001,0.03046870984847841
ck_3b1d7648d4580bef,0.0058493710465017884
ck_23981a3261674131,0.011888576530677247
ck_11667f5b9fac7bc7,0.0028406634778609433
ck_646bb3c7be5f0817,0.014723104889688171
ck_ebd0a45712dcf07a,0.03788977439710211
ck_baf43bf1bd963f9f,0.09227160582346197
ck_e0ca2c819658f6b6,0.9612489288772128
ck_f0d6633d0834fff5,0.020047454324472705
ck_91081be0254878a5,0.005980162125356347
ck_1325000bc7f35b5e,0.002852745438992408
ck_c624b9063400fa3a,0.03898375511565633
ck_0ad6fa0e23c3bd0a,0.05391099079694087
ck_6ddb55b1f23c6cb1,0.02935546336539721
ck_dce1fb3acd65562f,0.008173005231647023
ck_a9aa389688ee5aea,0.02063069649843956
ck_5c5284c45d9ad8bf,0.014975561800161493
ck_9ce743dd3e92549c,0.009466570678841152
ck_8342e08cc2f9bcb7,0.004160594903113395
ck_25e551a0a8d2fcc2,0.025402988027966925
ck_d4fd0e438c97e0c7,0.03201339664606744
ck_ac7fe1c344190c50,0.05468619334166864
ck_ddd65711b5651f89,0.004070244535404518
ck_ec7406cb5cbc8f10,0.00412558197203206
ck_1c65e8d5be3b9c60,0.1806143872812781
ck_38ee42f15a573e81,0.10687398957656909
ck_0e5385c70c6de025,0.00498166950940213
ck_d3137f0f7629040b,0.005622372710629485
ck_9129c92c12e0c8b4,0.0032863377585799908
ck_c86520a00e50a926,0.043798457834960176
ck_87f82b2b5fee757a,0.020546145725259674
ck_643abfbd7548d0c9,0.007683411620351597
ck_be51f4e5e6b85768,0.44335856811632673
ck_132c16312f37810f,0.0064128598770221
ck_c78c096ca8cb33ac,0.004140425585207809
ck_2ce5afbc014763b8,0.01664398739041752
ck_50ed8f4e7ae6710f,0.005779221149712243
ck_5a4eb535c9a11993,0.3900668491791965
ck_9b665ef46d785324,0.004032010633250673
ck_e066f71f8b296b7a,0.005600809596975305
ck_560bc6017870ab06,0.004703870215062476
ck_fd78f8a8663646d7,0.020318821344708558
ck_4af5ec61ddbde1a4,0.017552747996851612
ck_c2ed04a9d218410b,0.0296966531336196
ck_2455d43bbdd2bb69,0.012359861886745978
ck_56eed7041add49a1,0.42359799640762913
ck_5f0be7b468a72333,0.00518958275888329
ck_19660cec756632ca,0.0047427605476166755
ck_fb90408f4892a21f,0.02987203862025521
ck_833a65b86a5d9bda,0.00279907850566964
ck_2ac36e1dff211d38,0.022691018779159612
ck_c00e70606904539a,0.008196862547795813
ck_ba8affe4b9505a95,0.7972331069090677
ck_0c3dd22587b08018,0.02028523833523299
ck_618c4e5cfae99dcd,0.26057372273121177
ck_c9690baddfc4177e,0.0028363890726894425
ck_59fae092fb0c4aa3,0.01397880242699155
ck_e03b7d0fa0b28f4b,0.010799150575066918
ck_d451d24c780b5884,0.004653528561051627
ck_e980d325b8dbb8dd,0.006253014591407748
ck_cff18e2d8c520272,0.005383908130238608
ck_a0e46b67e986ab56,0.018156800891845598
ck_3a469039a5b9d963,0.016602618481803014
ck_12cbb211ebd2b437,0.010793884162728836
ck_b8cdd6d6dccc4554,0.004622291458335764
ck_794ba5921cef50c9,0.011977550252119405
ck_2c7667f64edec2b5,0.01170644831031621
ck_7262b4e0c29c942d,0.004677761054655925
ck_5d818522cbfe2a54,0.012341934390450556
ck_de39c1947fb675ee,0.07514660811230153
ck_c021495606b4735e,0.00493486995521842
ck_1fc03ba33edd9e67,0.08107609440731252
ck_a6fe344bbf67f14b,0.011570174245847149
ck_963762210edc5694,0.025903350142061493
ck_d064428b7e7dc409,0.004299013953924168
ck_59be61b53d971611,0.01103612715709957
ck_ec8738ec663cd2eb,0.012616659769432425
ck_59d086fab5998646,0.012701840104853477
ck_bd32dd3b2cbb7888,0.9703520958144242
ck_ce0166addb93bbad,0.003939481659951108
ck_7c0fdfbb447cdc04,0.009937679477522575
ck_cb1bd7635968ed8c,0.31030883558098094
ck_66f94903177f20eb,0.005950099482577155
ck_1d7cd5dcbcdafd7b,0.35120925720864693
ck_5e418a7c04437b4a,0.01859589120201042
ck_631ea1ae91ab333e,0.023886345295458796
ck_0a8029e79a5ae7ce,0.010169983401939128
ck_c4cca8278bdad9b9,0.0019751982730196902
ck_4dec3df58077a257,0.09304396473148921
ck_609c249edd88c565,0.013903525902389793
ck_02e5f9cbbbf2f078,0.031887692211181665
ck_32e486859130458f,0.9212822985193503
ck_21ed2ea6386c5a07,0.003218667971414621
ck_1242aa4496576a99,0.00882966134894999
ck_475ea9aa6d3898b7,0.018063654635240966
ck_fe1b1adae3be70a6,0.8646611377471801
ck_c5414d7a8031d4f5,0.010457731278102156
ck_ca1f6f01868e978f,0.0566051731700291
ck_5eff0208c74ec714,0.009724504124390215
ck_a315c9619a317609,0.006863801861388117
ck_2b87683c90acb852,0.004967860404513778
ck_7cd9f39c50748ed0,0.013828662201664843
ck_16a06d58d71935bc,0.10039377378293987
ck_d116e0e7c19b878e,0.908838491498519
ck_931510e384b1d0cb,0.01099631015501152
ck_e7651fb87bb24132,0.004057844647585899
ck_88ef9f85948e1a01,0.007803298665748132
ck_17bf38d51115a8f3,0.009303781228552403
ck_2659d1d3762a2825,0.00895594763728936
ck_a7285955e2852686,0.016289124218247863
ck_f2c33d5b65b321db,0.031976211248956145
ck_83e5979334345622,0.03963083794266355
ck_629537d8b4d0f395,0.014765328447196338
ck_72022008a92c9386,0.030153485349089546
ck_2973b8274f0bf69b,0.024172231834850396
ck_565e3418d2f4061c,0.02259859791308815
ck_54bb53b8f8ea32ae,0.9597299622978969
ck_af0a6540ea7a36b2,0.0043652771057821615
ck_888651bfc2c8cf70,0.015573789754604639
ck_1dedcb48ac381a1c,0.12869464457577204
ck_f73273e220296be8,0.010467900086215714
ck_8424bf65223a5a9e,0.0046183760230569595
ck_337b930fd149a696,0.02525117589664702
ck_8a4952de8a123ef8,0.00857438712803438
ck_884168153c9c0c81,0.044154770385703146
ck_fdda581aec411010,0.005033072185548154
ck_2b7cadbc8b180d32,0.7329309213825896
ck_8aa8b9968233a1ab,0.004311197155964123
ck_0af18b3ce015d294,0.004571598082011008
ck_8dde670a735d1e90,0.0442327134479782
ck_62f46226f244139f,0.01341388236573237
ck_f948e8a8fdd79b4e,0.008404957663460631
ck_fa00aa0f3e859904,0.0732565900784804
ck_fc7935f784a4f249,0.007132428473427616
ck_e7501307c0698e5b,0.012716543333851634
ck_549ed417f2834cee,0.034545716097958784
ck_fb2a35571ec719d4,0.6931023995028792
ck_25822068c86c856f,0.0037918874768546247
ck_8f35d229b62c8f23,0.005571417532293445
ck_bdcf049c1e7d0c95,0.010287608333748489
ck_0aa9db36eb16422a,0.002499413069741945
ck_42dcf92e9e016922,0.042669028077353725
ck_42341cf31c08c981,0.007361239963694968
ck_0b20bfc515ba42a2,0.008911591492149826
ck_0ec820b670d48098,0.006000905015182647
ck_1f0bafec397da8e4,0.12984518393089675
ck_82f07504ab59ed33,0.056899719831403545
ck_337b24a474010abb,0.9672016946180503
ck_703703bda38fdcf8,0.009795233327756288
ck_01e7960c63dca3a4,0.9126529627296054
ck_be5bd81e3715cb8f,0.9779877342430279
ck_197f8058cea1fbea,0.002902163824241308
ck_eb3fb1106f2f1b21,0.03113426528873719
ck_658b4b54be09a4bc,0.9650592367347718
ck_266ce7ccf41ccc50,0.01247532392940658
ck_110608c3b03d4038,0.7979394290685616
ck_1be8cb95d6d9bbf8,0.006802354036174558
ck_8e16a64a776afa82,0.20343671845489983
ck_34bd190d37eda534,0.07122251224354921
ck_4f521611ae14ae66,0.0034229992350503654
ck_d839798f9520363e,0.010343814570680659
ck_d1bbfd246c0ac9d5,0.007141747016420653
ck_f19030e6e85a6776,0.01280708810787994
ck_cdabe60ab59f9d5a,0.09212997492586868
ck_bb84b2b30293f566,0.4094108180359096
ck_427b91925952cb40,0.018454760915382437
ck_1078b1e155b5b640,0.01282410897917459
ck_95fdc264eac72fa0,0.0049282562664349355
ck_e35eb857c61548b2,0.8179143523309774
ck_69bd0b1abea7e1f0,0.044262046335638336
ck_59de511b20c842ba,0.02423511283454321
ck_168e7ea341a36b80,0.005557420532452033
ck_4937cfa6526ea138,0.017166933143356735
ck_bb1a981306b750ac,0.0238385219619667
ck_f42a43e4c3f34ccd,0.010255896828750574
ck_c7ae1d4b3ab38185,0.006321143752205015
ck_bd23cf9bba1dd33f,0.029809216503068843
ck_0fd826fad7ec7cd6,0.015735508835094725
ck_f143641bf3dd0414,0.013201571380728968
ck_ad6d48c20a3688a7,0.002594428923116688
ck_7bda5b5b927b2905,0.08270057927998113
ck_a337eb38eefdcc88,0.048665925980001995
ck_403da2a2d800df9f,0.053832941931729154
ck_aa01d5aafde73d0a,0.0046310908666133644
ck_494954023f0eb309,0.016202620525321336
ck_1c6820fc38135ad9,0.00815168295510986
ck_0e0bab173622db9b,0.050954804317297535
ck_547090bf35a3b243,0.0069187486981032486
ck_d69455220b21dc9b,0.00686680561813831
ck_90b4ac695b9c6bf7,0.0036615816277683223
ck_8d2afe17c0082e6a,0.02095726720328381
ck_926b81c0ba528eee,0.039897398589182904
ck_ce36b0c287bd198e,0.061950690187545204
ck_8026e017909aaa6c,0.003957313439357386
ck_dfba788f35d4c372,0.003441983088315591
ck_f09f9d0e0886e0c6,0.019956794478181862
ck_4ffe0366df388604,0.012644465687928208
ck_75bb521de55644c7,0.17001271289352082
ck_81a960fddf79ecf1,0.9370142607944275
ck_8f43459991ea511f,0.005011244462634799
ck_f878b68d66fbfd4b,0.004489846010120345
ck_e84abfc0c747c9dd,0.947012634308666
ck_3ad3fd3cceb56b66,0.865542809439207
ck_7cf562578c7f158a,0.005810785534099055
ck_f81a97d350397306,0.02146073835864865
ck_255d87b7fb40caa5,0.01699830438063207
ck_b3905153b9eee924,0.012865956294729784
ck_2c80a592fb4cd6a3,0.0038234487202487926
ck_57deb202d4188a29,0.013037099825877304
ck_e3cb5f31d8e94448,0.964411783805201
ck_0db62d5f7f75f80f,0.0155583318005511
ck_ced9163ea85589ea,0.7731998680192508
ck_e16528edc694fb33,0.908922776892771
ck_78cc5ec4940fec3b,0.0053781363686010745
ck_31742076e9a998f8,0.037077919262223445
ck_5ac335f02280271e,0.010538885003059786
ck_7cc2e091806cfa5b,0.04779456679946756
ck_3152c7115257f084,0.009735421783336059
ck_ab1b9d019921bca7,0.013771203158973493
ck_c33a762d98f9b290,0.004172514433917508
ck_b16a7c51b6f7a6b1,0.037148134456811
ck_97402a153348e68f,0.007270762533337303
ck_95391029a21caa24,0.023293488067206047
ck_c2015a1200971fe9,0.013924151663916511
ck_ed4427962c68918c,0.9124306687235267
ck_c5e4a17d3efb19a4,0.12017543783012842
ck_8aec3d3dd51517c2,0.0034790867561075313
ck_f5178a658225d8e4,0.0039480959775881645
ck_8594f165e95316d2,0.004499071598005365
ck_f0c4aac04076a6dc,0.009332102371468483
ck_ac2f7397801036ef,0.006846081042841145
ck_d1ea4bcc407c7d5e,0.012493537289505812
ck_cce8b6657a538fe0,0.012412614417223362
ck_66d0c6d6b67a8d58,0.009082969607213321
ck_1a6b30320835e57e,0.012621997349182788
ck_8cd274cc85aa35d1,0.027080308917284936
ck_ada46085a78280e4,0.030816643145723403
ck_ce1b06623e4a815e,0.0022310191306883684
ck_45e70c8a9686580c,0.07292667151444926
ck_0084d8ab6b1044f3,0.0051069804310556535
ck_a5f7b6fed6df2aba,0.02424055519132165
ck_94940d783e7988e6,0.006378169106231294
ck_00f9ca84d1d8ae7a,0.00590476127273071
ck_0deb56f3f6452818,0.004084725774133899
ck_a58e900469dfc3f0,0.012479655638324223
ck_028c41b195280980,0.0068893005491726085
ck_7661d7ceaeb19f97,0.047781197355812814
ck_6957905a65c47879,0.006704834618558251
ck_f7c6c26ef3c4ae06,0.007580353640976387
ck_8777beb11aabd66d,0.009698403635412396
ck_7db098a17374bbf8,0.9414080282665236
ck_66aeb00e44486cda,0.7986337866809728
ck_838c52cc1d315ec3,0.05742113223058585
ck_1745847cd4e5dc83,0.012248855377535374
ck_201687857ec8b3cc,0.006914302171634207
ck_81818169208a8cda,0.030417216361847972
ck_3303fd3f64632c7c,0.03125807523594135
ck_edf1096809e83ef8,0.005164441658683506
ck_235ce9603c7dccbf,0.022148343269151098
ck_9df7e153868bca13,0.006048579565430401
ck_3cfeade2cf270fee,0.01115070642728285
ck_982b0bf2e2b6c4f7,0.009731809776127176
ck_faeb0da678bb86c0,0.003929192821130666
ck_e86ad2fe815b6ed9,0.10703034286974075
ck_70d69e5d1bb99e85,0.02653905936206148
ck_7e9a8924eab779e6,0.9040917471532399
ck_019d5891103e7da3,0.010728736406388084
ck_14f0484b3817eda5,0.01081786294585316
ck_85de63d278f0fbae,0.004230263696255769
ck_ae91b4cff57fb3bf,0.0704894351148093
ck_2a6d43b9f883b78e,0.8249756826746795
ck_7a4e3d553e8ab5b7,0.15210119611752623
ck_fdf89dc69f700f84,0.04898051366861068
ck_f92e04024bf13558,0.0028810352665734435
ck_4a522ca2dc4831a0,0.0027768584513261072
ck_68ba25dc3385fea1,0.03557371071246023
ck_22128a4f0d033422,0.03416904869995101
ck_5b52ee0a13c71590,0.0043584837396334905
ck_59472d17debedafc,0.008353554028936712
ck_9dde2c63acda3ba3,0.06395594170595365
ck_7510b1023cd08531,0.02401921484168263
ck_071ddaaf2e4e3671,0.0030040561207915354
ck_1355db6f4010232a,0.004276355302162959
ck_0a7adc2f27f98510,0.12532567704230924
ck_68250033717cd59e,0.0198697543021419
ck_7c12de74de30b788,0.48613901490820344
ck_65491367584c730c,0.009472883414511336
ck_e9047964952bee70,0.01138989223692439
ck_5567779d6ba184eb,0.012329182601745356
ck_d6ea026357ec6477,0.010740979570551217
ck_cd7dcc884e283746,0.04519970619521029
ck_0bd77fea8ed75a15,0.012060439244796441
ck_e80883208e8d0453,0.003917919656304225
ck_2ad0ecbacd5acf8e,0.954832753971402
ck_6c1dbee7e8fdd5c8,0.11963907002879559
ck_ee4d9a7449515908,0.008556346555996113
ck_636111f7f030496c,0.006079796176640877
ck_2c629c657f73941f,0.01401784155891629
ck_c1c9d3842d758420,0.02766644638265558
ck_e4df7faacdfe8c40,0.032839587916195394
ck_94e8142728e44380,0.0674422432368611
ck_765aaf42c5088545,0.02267445033831985
ck_e0f845159b6e6a4a,0.008025388633350422
ck_5bc07deb82edbad7,0.00569459202979853
ck_713159c5c6a7a4d0,0.9764167479639733
ck_b08afc91d9ca55db,0.022723098080789084
ck_a7bc323ffed2ea97,0.24203033201071708
ck_85ca825f905a34a1,0.024158303945781962
ck_33160c443d4b3f19,0.007614607383007965
ck_832d39c590a3ca75,0.9443074356379425
ck_7d1661a34164406e,0.968645731900376
ck_c2466fc40fc9d5ed,0.9335356646194085
ck_ed0e776c0926ce67,0.03485667481449057
ck_cdd2ebeec75bfa69,0.6770050042570455
ck_d7877684c7923ec3,0.007482091469174513
ck_7384d4d2406aabf4,0.00891684391184602
ck_b8e5244e650aa81b,0.025785304125974424
ck_25a1ea40b2d59254,0.0044963088986987075
ck_b9e5b318ee4de68d,0.012082816854812798
ck_620d7ae27af83cea,0.004173732623493235
ck_40b4e264d1a12b83,0.8274067801798033
ck_b694c803b62862b3,0.018746577385889668
ck_cbeca201dbade3e5,0.029803140323786927
ck_f9b439c9161c3e52,0.00226315966590939
ck_9880410fcd10a28e,0.004253188984360312
ck_74928f5f91aa12b2,0.06087963689942932
ck_b6673bbe61d2680d,0.012925872294072006
ck_53c8315b5c30acb4,0.004819517280271558
ck_78f01d78ea79642f,0.010408051099173789
ck_8582490d6e365a63,0.006454378021014419
ck_af25c72d16299258,0.0034469418653472993
ck_7905fe8e257b0449,0.10126955631244798
ck_0d16d9349e4a9e08,0.01459171486717908
ck_31b16b8848584e98,0.008648725286126924
ck_67207e3eecc02d76,0.0163461756008444
ck_e6b95ff91116a592,0.026329822005882846
ck_c08f622bcd6de6e7,0.09060608154759438
ck_f9a68da9e0f0bc85,0.007639500722551735
ck_4072b59388976896,0.00789299923650105
ck_8ec86e853ad52828,0.14010169725527202
ck_4fecb87eaffd5cb5,0.00615729043826037
ck_d6880578428b965e,0.0917002506500454
ck_bfc82b3c1c9f2897,0.9095800218303592
ck_c340644176ca03e7,0.013628336832083877
ck_321e740066fb05c3,0.3121845406567545
ck_8929d2eb09872052,0.07639490256716924
ck_205c107cec528414,0.9058889829821383
ck_e76db7d2562f9836,0.008089494051099589
ck_9ede51c8434cff6e,0.02376528614169375
ck_492e4b89c61b7b6c,0.012848470911045832
ck_9385f5a1eeebefcd,0.023180576520915718
ck_ee52c7bf88f952ab,0.009042626534887747
ck_d8116c34302021d7,0.0036402417663757825
ck_01645ea51972e99a,0.041322516737192776
ck_7b45ed23304a854b,0.006064921817911158
ck_2096d32f3d497ea1,0.057071023291107366
ck_dfbb2056f1ef7d3b,0.010238394539223929
ck_938ce30c864bc7df,0.0019901257776962704
ck_ff30dda2c881a4bd,0.635265771142001
ck_f88c79186a082beb,0.06362869939230188
ck_08c7bb0f9851cb76,0.13070233565769176
ck_2675e7a008e584a7,0.038822083156983864
ck_cbaf8a954281d4e3,0.9055253656699408
ck_8b24eadf6c72b30c,0.7381471061115483
ck_ffc8e3c1377d0706,0.004355879829683612
ck_5b59e859bed5b40e,0.02429086785054426
ck_7b61717f172f9317,0.9501572670818049
ck_e5c30947b732f661,0.35178882824546065
ck_bc273f3ce79f7e1a,0.0064990864026186
ck_f69e93388b3028cb,0.09615024098972827
ck_3837ad850996ba60,0.010925161984310015
ck_36d78ff3bc033ee5,0.016488634866389747
ck_5e20953547ba4135,0.09822076930403263
ck_258d661e450ac870,0.040366137008949726
ck_1df66f537496ca59,0.04836187788857346
ck_361f535599110201,0.012301075920243716
ck_337e98c69f6e7886,0.014450324743916786
ck_d3d5b2717cfc3913,0.04288004284672239
ck_b1dba768dbe7affe,0.018687128590587316
ck_92d782bd9ce0d1e3,0.004094052419328751
ck_26bd0f8898afc8ba,0.009670338023869081
ck_7916e53daab36745,0.043720684677649765
ck_2caf553b31831a50,0.0360125552772909
ck_c6200734c7f9b2f9,0.936393743030437
ck_cdc55623cb16e6a9,0.01683001430109942
ck_57849e15b61c43b4,0.0056711954176515865
ck_b7af9b2ee0eebbc6,0.02619729377011454
ck_00aa5fc3b3bc66aa,0.014901798159399505
ck_9929723f65636c7f,0.9727311021521376
ck_8f6cce9f69912983,0.011438072379386535
ck_c422ba389ff00781,0.0020378725271437267
ck_9ec7f334604a228f,0.19847056889399084
ck_5d01200ba3341462,0.021385112621614456
ck_2bf10be403849c9a,0.010419323935289054
ck_6ca018259f70858f,0.012078740630616848
ck_a54dc042ebb7c766,0.08151683101336203
ck_79da63fc100830b5,0.03301728035403802
ck_67ab6f9e05c85085,0.015231016913807295
ck_fa80da579ea9afc0,0.012917184910334613
ck_4339f86c87289222,0.899114124362726
ck_a2299b4f530be0d6,0.1974729045377
ck_19db0bf788697c2b,0.0059678802719767745
ck_fa4211c4d826d830,0.002463994203249455
ck_96100d5e8e051e91,0.005853939182096708
ck_5c3a671883d58b3f,0.0018058969921211367
ck_2d9524787cfe1ab3,0.8305821320727965
ck_47ab8e51e5b3a2d8,0.0054444930189053746
ck_c924f36bc1bbbaa3,0.010807019633433635
ck_5c58e7f8fd55e26c,0.02731435546407007
ck_a07e7409d6d5aa06,0.011480236215849296
ck_c8413898f5f7cb7d,0.021453241846579665
ck_577c816b41cab002,0.9160976361306664
ck_9f7807ed64cdb728,0.04967350607661898
ck_495d814d6d6d521e,0.003857964369268025
ck_7aa8bc018c2b003b,0.0023801087930316626
ck_7c3a6a82f3c3241d,0.004177504852938706
ck_487f7fbc290e4ae2,0.004513021476460684
ck_e556c4d36aadbe03,0.0034746272777179043
ck_7e6569a1b2455cb0,0.003948517493868229
ck_de2924955926d046,0.03043854596151972
ck_73d60b4630e3937a,0.003959276354793524
ck_805ee564bd35ef15,0.0538642728535262
ck_0d40961e47797027,0.005083136206363346
ck_f06d00a4f9c87d80,0.0064651818306975285
ck_5ef50fb07b6737d5,0.024003637178186977
ck_16541fc15683e21c,0.006520036888837719
ck_09fd43f1b7e2eca2,0.0032840897355695888
ck_2a2c336a69b8d68d,0.040819970922423725
ck_2685f38930866af0,0.02733326089094778
ck_298278a9da874437,0.006775578053936371
ck_00bd7803f2530c68,0.013802951522024624
ck_c2b4a1d8c0b6c1cd,0.0020437223127004397
ck_2acb54ca20c3af6c,0.021954306092420134
ck_e3d4b6f681c783ab,0.026154140845256094
ck_f90293f1eba5d7b6,0.05630882937686361
ck_e69d27e8965df0be,0.004174973378370912
ck_b7f5d10b427346ad,0.011377290885247483
ck_1ce20e4223a936b1,0.013721340347619434
ck_6b97d1ab90f6bdeb,0.03978379944935679
ck_e30e17db5473c7b2,0.01309415426153725
ck_154c8efb19dee665,0.018154719054295863
ck_6f5bb0c930644cae,0.9751731511723285
ck_9e17699baa83d173,0.005615236980978748
ck_9693b1eb70880205,0.006928370164825067
ck_1e97899875bb427b,0.012172920308948796
ck_558a82590f65df69,0.0020083158638993857
ck_18df83242ff3cdbb,0.7343315918372783
ck_80ad4396e1084c68,0.009396134537051988
ck_0a993bc947bab61f,0.2028899185799127
ck_5c2d43ff841632f9,0.007276010725867734
ck_6e4b99fb9725d9fa,0.014464207029415414
ck_e0983999ca26c19e,0.011375137016215968
ck_6573c4947cc8607e,0.036708946691890156
ck_d879d645d6e44207,0.005536894357844569
ck_1375ad9f10688e4a,0.0038944464983531493
ck_7501ebbf4e21f160,0.01915774131660484
ck_ca60d61cd4dc3bea,0.006896458853906811
ck_ab9ea095a5c58b4b,0.030625414435230463
ck_23756522b58df5d8,0.0025935338232418665
ck_90bc176c43d85fd5,0.06867761071959126
ck_908b663b2dda94ad,0.021259067165876614
ck_4df2fb8e4b649e27,0.0699152186096003
ck_5615c6bbdef05291,0.027382423339773098
ck_b62f3e3185251f71,0.0030971980461037356
ck_38d1a22850178f33,0.0033221707080084094
ck_5b3ba20c8bb1383b,0.010270409628690113
ck_5576ffc6aaf6f22c,0.0029466767541911523
ck_cf7a022178165e56,0.005773308334242094
ck_f2c7a4c50e2ede96,0.041322944914835034
ck_285719c77eadf915,0.005290622995080036
ck_f2aa1b677619ab19,0.013184336333313472
ck_3830c58d841e9e69,0.4086596256720986
ck_32eba3510c8eac5e,0.004581345564460948
ck_8955d7b9030d5eb5,0.010145137732524285
ck_6775e387dace7525,0.0060063848234366305
ck_0a0cd7f4be606a93,0.03438981438524981
ck_a9f700eee5d638df,0.007466787203758627
ck_3d7db96995745472,0.02086352739799117
ck_aeed557007d52e9c,0.0068855828027409504
ck_79b6a86830156b5a,0.010901543277420864
ck_6a1ff9d69466181c,0.9857417314732724
ck_f11b1565f986f5e3,0.016765697969718548
ck_4819327a78615485,0.013556577029980303
ck_3ed9e081959b2f5c,0.05753141041122615
ck_16af4be191c47d3d,0.0035141888438374657
ck_25122cc0e8b1a662,0.08826488806554728
ck_509c22828d467ba3,0.016029817306369883
ck_31109c899336348d,0.18404524815175421
ck_c51131e53baa59c7,0.0039370715044079645
ck_cf8ecabbc61d3e11,0.004584631252746966
ck_eb6baff0f85ba936,0.020913286098537064
ck_777669e2243204f2,0.8286403709055702
ck_ac0ea27e692acdc9,0.027724119819495154
ck_4c6ea04ce8ca9e2c,0.006644690238341895
ck_ca54b32fca7e94cd,0.006691752445387725
ck_4dfd8947f540eb24,0.0126963855644791
ck_95aff1fe27fb24bb,0.022490811948657735
ck_c7550723b90e5615,0.009156118717040264
ck_57b3fee69bdf85e8,0.002438263466042486
ck_f823407ace7ff064,0.1620660256799107
ck_a69084a068bcc8aa,0.03686199023113744
ck_c7b17f7b24bef5d7,0.010203605371327433
ck_7c4e588f927c27c8,0.008983493613432729
ck_77fdac602d0c6f95,0.05330610480473799
ck_e963d8525018d072,0.01936605405560924
ck_6e8ebaea8f7bffaf,0.0029451832825383066
ck_aa42976a31cb7770,0.011249662927543725
ck_22c862a496008c96,0.975168033198527
ck_527550dd15f38782,0.009430533028270217
ck_b3ab3c210e2c7c19,0.016271149624806767
ck_ed9c56fdb9f45ddc,0.26438524898934956
ck_b53281da70defcfa,0.008806324891559665
ck_03009b721568ee98,0.050697984226975655
ck_3d9afd862b3f4053,0.21509408014856737
ck_ad3c4be96599554a,0.004430458426181041
ck_d1c787c27d50af49,0.00539365205809768
ck_c7a9c7b2eef46a99,0.0043791906778075035
ck_53036d3c6c74446c,0.17509146889245739
ck_1b1efbd9c0964c8d,0.05185728262722586
ck_d66f42a269d5c1ed,0.005924920203806948
ck_fefc49a2b8ad993e,0.010409450272750776
ck_8b3b874249adece9,0.05421197345060648
ck_193d9c87ad3f1dad,0.00378888073578985
ck_0c6a50d747593b7b,0.03972109199203775
ck_c830f3830875b47a,0.006104379905222089
ck_79e202f06d8dfe42,0.03891129069519703
ck_5c0fe988b8aa7fcb,0.10105379458656051
ck_a8382d8345f21e1e,0.009992616972897092
ck_8cb20053914692d0,0.04197214050995504
ck_1da2f69023ca4c13,0.0023854979215892757
ck_38abb60995114f8f,0.011610061048105785
ck_f5791fd8fd8fd191,0.016709995801387705
ck_a4e6fc391b674335,0.41163577441921395
ck_bd771efb4a7e15d0,0.012351332308915193
ck_38ba4a6b6a292054,0.1887931571680161
ck_f7a07283345a0dce,0.006469138208100225
ck_87dc484baaf5a23a,0.002918710383543844
ck_c84ef83489badbfd,0.01602986767688864
ck_a397cd64ec5d644b,0.007672684311047526
ck_7977135c2ff61e92,0.0077860374456819245
ck_52174855b243a8b0,0.02253472795413757
ck_0f35e930d0614613,0.9777851645354707
ck_b170a7db522a0d6f,0.008306210681547552
ck_7af748a23775bd54,0.06515787479882817
ck_52f641c9ee6fda70,0.00419166320857716
ck_c3719a30414bbb4d,0.0037494074340966776
ck_2baf214ad6bc0dbf,0.03441746180874959
ck_8b39d8aacfdd72b4,0.005207243696490524
ck_d39b0152116203be,0.017634112610960612
ck_ed33f8a937f9c7c8,0.011657296750544888
ck_8ef97b55a5fd6ec9,0.0027392225830258337
ck_8247f008a14bd1a2,0.007149500033105078
ck_f0d349d68249d5db,0.005111535170645058
ck_a544e766540861fc,0.006087787924139373
ck_9dfaca4c7c80b10d,0.06070112910074919
ck_7e5401c362b2216a,0.003907750110323186
ck_64ff60c073fdb6db,0.015072337388925418
ck_fc5ea49518e5d637,0.003823392811534975
ck_580f136ced341298,0.005055918300185483
ck_9cbef9bc95449dca,0.011404990064766453
ck_e475a3b8ba870a7e,0.007737826222674396
ck_97e94708bcf43563,0.017019458352050994
ck_13f03ec785cbdae1,0.003943610171745044
ck_152820d8817f478c,0.010652594276926
ck_d20d4ba60eec9945,0.030283382685711
ck_5c45968a805132e0,0.014108483027729336
ck_bebea2cf3063fb24,0.010994572529637045
ck_c3c69aefe7ea1d2f,0.005727191439576285
ck_02028b72f26fe855,0.019271259628234838
ck_dfadff70a58a9133,0.0030739219656537387
ck_6482ed4491bedcaf,0.005001938490348323
ck_754cd7b4a5ae3f94,0.03473770279849266
ck_3132857aec8485bc,0.002835104692542631
ck_7ce4ca91b8f9f1c1,0.007271902688632899
ck_41938582f4351772,0.02269877883697561
ck_f87d66946252476c,0.13542365543905577
ck_8053f1879a9b4e43,0.004590372312763654
ck_93892e91387f5103,0.015798730956895938
ck_15254db133b28371,0.11958153537925346
ck_d557b9feb241b3ec,0.005768623244285462
ck_71c3a8e4c12c989f,0.005018808237938346
ck_80e3041811033443,0.019794864127826602
ck_3380d60067b4634b,0.002542800501529843
ck_a9c2cdc758df8510,0.01239982583440768
ck_3c0031d7514da17b,0.032627902753757175
ck_18d214b1418be39d,0.004484558944873551
ck_7ce768407fd48321,0.02220107209575783
ck_7a50abd42298133b,0.00660084981072207
ck_2db10f987d137582,0.030412976719392925
ck_e077d004cd1d80ae,0.010241895669040754
ck_1cb6dc67f9a321b5,0.04935042435807542
ck_b864f64101149c35,0.8857216266319878
ck_9bedf54df9418e4a,0.029531426821342546
ck_c47e32c47f0e6578,0.249779707765591
ck_71f382d5e338daa3,0.005096156005799149
ck_14b4bf7be6ac2b61,0.06467048714545161
ck_5c87eea1cc07cc92,0.0646027908262922
ck_5f445182829ef342,0.013441964583057355
ck_a5d7311291caaa54,0.005221024214854977
ck_b7df99aecef385e6,0.02513431516968005
ck_3327a0582407068b,0.01471036576282089
ck_08dba09fd7dab896,0.01100815335834598
ck_f4ec334be5266378,0.0070615355212603845
ck_240f7f894c5a86e7,0.004218079048617331
ck_a9d994554fc14a02,0.001876644284178294
ck_13648cbd306eee6d,0.021906833160988078
ck_601edf9105b3c321,0.9687526784325322
ck_9527adac182abe57,0.9041941778815363
ck_4e0e80f5cc271bf7,0.003271138307292601
ck_96a89e720176b389,0.13334004623721896
ck_63560eec94b76d2f,0.04465483513074648
ck_c9c99e5b19aeced8,0.0028792056578869746
ck_bc32655ee5ed643e,0.006347806840307718
ck_edccb5a93b741744,0.005668713594433244
ck_f786cbc987b70930,0.0025876379778927657
ck_0e8f26536ccc8947,0.016050424404156154
ck_b87ef4b98cfcec4c,0.02303887293807397
ck_1a9235812de4b2c1,0.011127623980071869
ck_d1ed88ea4211ba4d,0.0034371369207197022
ck_a4ddac49657a4450,0.02667926351033449
ck_d9ffca35188e49d8,0.02832206040349906
ck_3db73bbe03c3d240,0.0035262227614650623
ck_fffa0622344a36ab,0.0036893861256859996
ck_148c28df51bba5e9,0.9147292335440143
ck_076cbc25c8f15fc3,0.9520926153493674
ck_e5ca550b39ed45bf,0.8338181038140942
ck_8dacf3a2061ca17d,0.01370831822892015
ck_2d7394afd61643d0,0.004751235137961813
ck_e42206e91f6a1752,0.006077337250916596
ck_2f4f94827984c426,0.0025870118883691796
ck_edfe8e90e8f4366e,0.010800952692728957
ck_646b15f753e5e9c6,0.04291695709607639
ck_66600620149c8799,0.004365767010208472
ck_4ff6fc70bccfba96,0.8846917088964327
ck_41af3729590c2484,0.0058785594517052325
ck_920a48ba8c583e96,0.003450862176089572
ck_0253b3e7be021306,0.0039010384646040617
ck_2ae6949246ea2648,0.0050607745235950975
ck_db23a5100f338d72,0.004959924392720746
ck_fcb2a559474c3493,0.014520060777228583
ck_0a4d7acd2a53cbbd,0.004701988135355978
ck_c5d62b2b7a6f3bac,0.9626308983761184
ck_cf59f4fc0ea690b2,0.011423953067846692
ck_837be8126bb19250,0.002192088039305536
ck_58955542edee1adc,0.0034108632545429367
ck_1b93381d8eea58d1,0.01083346396759414
ck_97b8e05d62abdc14,0.0058092400577390785
ck_71a0d645744302a3,0.009322143261687368
ck_a7b57882ab66b111,0.0036483428724845717
ck_65f76421be648549,0.006109900268886695
ck_b53ea8713d32ca7c,0.023490683785316907
ck_991c4c924a1d85ff,0.8989751278030034
ck_8432ccec1a4ec7fd,0.9778312574866793
ck_64c1633297f43788,0.021060512929714708
ck_4291fd9c1161d8e1,0.019298623419949975
ck_5e98ed6391d9f429,0.021762395764263795
ck_c7baebe4549fdbb4,0.041518186297809546
ck_6e67225ba59fa5ae,0.014806625060768817
ck_719602def4d35fe0,0.006495130383048435
ck_bdee7c86f5ebe81f,0.011316933176108313
ck_8de38f8c7f91961f,0.01627739496518885
ck_b0b5bf9254700402,0.008445504680335033
ck_7b55d9bb1a250d4f,0.014537527674282888
ck_3954b7b0fd1d6614,0.0038988647870585318
ck_f29471fe7c818d6a,0.007194396399713028
ck_9e65a8a2f587691a,0.009680101639144255
ck_eaec5f1a83b66eb0,0.08003176312849346
ck_004fe0daecbe2c1a,0.005449134728280206
ck_d17653a4a2d4a79e,0.01822288585005281
ck_0dd417fcbf19e424,0.04257653806469149
ck_4c99a6eadea143e2,0.011927170830454192
ck_74d602c907ee9119,0.003012048645786351
ck_1aa87cb62acc0ac6,0.011056837882235106
ck_094974d75e29fb2f,0.03218479067847452
ck_5ef935ac3d4d3332,0.030499054959758853
ck_b26e4ae47c9107ed,0.7364157489031871
ck_396cea6f95186ad2,0.014934105518592873
ck_48446a9e8184c7d4,0.003550083650559163
ck_31e1ede23247d56b,0.022612005130035574
ck_7afefa349b960a3e,0.007678717379273913
ck_f5e02a3432571b20,0.01741530471911658
ck_64eefec062592c43,0.020223035327514724
ck_a1201284122c141f,0.011384190190425608
ck_1b34c420a4c85a95,0.004904197742224697
ck_d637a011332ba67a,0.007781076152014024
ck_99c0004d8b7079f8,0.01262820063686686
ck_948517bad569b40f,0.026221400201482933
ck_a28d6b1601b472a6,0.01903445864167617
ck_a0b4209feb31f5c0,0.9796341755793576
ck_d6d2c1f6dfc455b6,0.3049097795043436
ck_3f9e6d356d3dd3cf,0.0028271238751994697
ck_d08e00c842b75176,0.006618683323158072
ck_bfdd232a7c5f2660,0.03454275734157676
ck_2cdad03ed069438c,0.08587536664671389
ck_42317c3eabd0a285,0.23391720527729956
ck_3eb73e56751c704d,0.010136451463982316
ck_ef33c04f4c9e3758,0.010768219541317648
ck_1dc23dc870f1773d,0.017845986917250253
ck_76091f357974a152,0.012397754040074137
ck_4d9eb75e8eee90fd,0.033192794756641573
ck_578f67e69e5d2cfd,0.06290407822322097
ck_3a8ce1cc724229b8,0.0027455320767779327
ck_a96887f841e80fc1,0.020808181857993234
ck_d2d4a8f4a9f2c33f,0.004547680841050461
ck_11f85bc705dbe036,0.05489292530110189
ck_7429b3f87528e335,0.01210957357953964
ck_26df74feac7ec51d,0.007670121333619859
ck_c78b2638fadd91ab,0.012624176804685838
ck_7eaad325abe3b50c,0.005282525493481296
ck_fd44e34af620e606,0.055453780145045685
ck_f99738dff854e25f,0.0027881954765176095
ck_1ffbce3a239bb264,0.0036887878531309377
ck_96c7d52ba0a766ef,0.06284851662272394
ck_cb1c00c300af3f9e,0.08205075131966559
ck_ec3d12848ced99f2,0.02159708199825463
ck_26cfd7c3c6c7bf69,0.005814625433432023
ck_7ae86b5a885affc3,0.030016911987290302
ck_3edaa94d28cd48ea,0.006704360501672738
ck_3209c530c9812e39,0.004056707514691218
ck_ea62ebfc1f04b49a,0.002898552861812086
ck_5fc90b4668ea81bf,0.012976329651407237
ck_95654593cdebd141,0.0026441453992075577
ck_958c0bd61820147f,0.024215283273277335
ck_8440ef1386c07194,0.008519502283357398
ck_8cd1b68dd74b1375,0.16942361082009033
ck_c9eb4df91ff07f2c,0.013024940266483117
ck_c29489366c01fe65,0.9671719799688613
ck_c965fd6bec0f0ecd,0.012764138043900553
ck_84c402b23766e1f2,0.011105088942079799
ck_181f3dae03b87136,0.03178342363220944
ck_022a8ae79eb28cf6,0.9064864614270509
ck_469c17407d17b706,0.019643785494342984
ck_1fcc5843f39148a9,0.0035321235186519745
ck_5debd55f361b2ddf,0.005499728665085313
ck_28cb9b03e89263f1,0.002593473629817671
ck_f067470743d3c7a2,0.023223488109463435
ck_d5d225ce41a1a762,0.007360627721592071
ck_15b4840922195ffd,0.004875180629240564
ck_6bcfa37c717f19f1,0.014476801609936247
ck_8d501a0386c66be8,0.3804630753431802
ck_1a9d6190c57ea7e2,0.3842645901105033
ck_c49832eabdac5bb7,0.004374785371126381
ck_b4331140b2e0d4aa,0.004264498879889729
ck_5efbea1befdefe1b,0.38316528071289885
ck_72ff52c4824072ce,0.02574996174436233
ck_ec3715add8bbb6e9,0.006093543606792044
ck_9822f8ed05335741,0.010077791895321172
ck_c3d7d3d12a1981a3,0.005306719343112227
ck_a115a7919ac5875a,0.02321638654608919
ck_4dd4ed23e0b927b7,0.5576870239737972
ck_4c76efcc1ee6762d,0.027872806201492597
ck_3ad6e7bf452c9b21,0.003568938029415849
ck_dcbab304b55a42c7,0.009338430308859412
ck_24b53090faf722cf,0.008355547044175233
ck_187317383400491d,0.003636899088661713
ck_e07fd57565c94c28,0.04607138866455717
ck_740e760fdcd27835,0.004302750949155024
ck_d3796aebda1cfed5,0.8419034834966763
ck_e541967c681cb929,0.2220635715501336
ck_431118050b834dcb,0.012048490770179858
ck_90f3655f0c8a0074,0.002964272448150236
ck_13cd943777651aac,0.07861217102491215
ck_66accecabf3901c0,0.00827597206008997
ck_937f0da2306b2eb9,0.007944613278285384
ck_105b0c93573fd5b7,0.29246251683486235
ck_00480407160e0743,0.006626854667533086
ck_e032068be7b77d15,0.01063327298907879
ck_991b7dfd69098320,0.003944152811318794
ck_37d47cf0f34574a2,0.004886564675075644
ck_011551a596544f5d,0.004170927295310887
ck_9acd98f4fe2d474e,0.069530090863603
ck_7c88d3d377bb61bb,0.00931922598286585
ck_e2374c7136c964fd,0.03226792291191972
ck_2fa8f2577116e9ca,0.050099907724927874
ck_d07c5b0321c685ea,0.06610290554388738
ck_bc736114a31088a7,0.009867812267193906
ck_32bb42f9bff197f8,0.012928844189533484
ck_66267bbad1f1415f,0.9870244486740657
ck_19988702ccd79201,0.015410027938651184
ck_f473a03fbcdbc4b0,0.007350553267221816
ck_e3f1d85fa5d49396,0.005615137137471307
ck_c4402ea6291df271,0.02175422868135021
ck_243bd5ca8c4ae5d0,0.010986389671801818
ck_f271e855925e8d6b,0.07271711420155433
ck_e424148c6f2223df,0.005085754746858299
ck_e4d0a9e1102a58b5,0.013634825443466921
ck_91c2a5fe69b9b1d1,0.012474085735511902
ck_5fd8924732fe403e,0.8052756500889194
ck_9a881d5433126ada,0.010816043568513877
ck_73cab88b29c7845d,0.041137856550437196
ck_5b5dea6476d4e182,0.029465127687372226
ck_ccccb17d2ca6ce94,0.01534390058337348
ck_cd1dc68e441222b1,0.9060160487217762
ck_8312c49b1431a406,0.009581611868792155
ck_25fea39897f2a559,0.006972042192981446
ck_f56200205280bddf,0.034708078209029665
ck_7336611650dcc088,0.0042906579994122125
ck_590716322ff147ae,0.06896311091469504
ck_c82364d87875a1a1,0.01272856955079165
ck_fa4b60387d744fc5,0.002165332792966711
ck_d841eba8906e9a15,0.00612666511276126
ck_d6df562a79b9d0d9,0.01092725339074818
ck_59a14d2564193101,0.0070436808608178745
ck_8530158e3d7f59e7,0.005021307059784642
ck_ac68d707006c12a8,0.005577247955780435
ck_976fac1bb3dd8c58,0.0469466652426322
ck_f854fba8f4adae3d,0.06156539690995195
ck_b98e9c3ec6e7d1e7,0.004209518096074123
ck_803c0b4cf9d4bc1d,0.005971737499269042
ck_76997a33c3ea5107,0.004888934973346038
ck_f1a9d832b700bda1,0.9723303206098476
ck_2bd96ddb8c323d63,0.9816425545884795
ck_9e5b7acf51b1b743,0.018450342205234165
ck_09169f22194fd6aa,0.03449137849937759
ck_6d69e092f9b0848b,0.03523783344242216
ck_9f83fa5a2d3b9049,0.02508986590587048
ck_57bbb19eecb4b87c,0.004245160171198275
ck_e0e9cfabb979f428,0.007002241420721406
ck_b1ff9edc51d42f97,0.0060264458488115975
ck_4682fad271d47eb0,0.9263223114864012
ck_ab33fb754c818ae3,0.02506985039094931
ck_b456f62b80e21557,0.0021553052540333436
ck_16340be3f2a7fffd,0.0031578783234126277
ck_ce66831f6611014c,0.007054601889963085
ck_4610a073bb54d1b1,0.07683485176285315
ck_fd038a7d33a9d6e5,0.0033830266851713284
ck_c8198cb4c461304f,0.1450759140577502
ck_1e7de58822000dea,0.020308908119187705
ck_b2a79dd3df560f14,0.007841372326382833
ck_74a06f347b32347f,0.018939502192959555
ck_c6fdb2972417c9bd,0.011497372331366619
ck_d7607a213b800bfb,0.018718002199062906
ck_df65967b8b40319c,0.0031267391344239302
ck_329a73dbd585ee09,0.004593773011852994
ck_74991a9e85c3b07d,0.0070141545744250595
ck_bb76609b79e0bc9f,0.029537087317956453
ck_f7fc1bd0b9ab1fa4,0.019146958395765933
ck_d111c98b36bdb791,0.00752748405042146
ck_f07e27d125497b66,0.03281399914335054
ck_093e3a7134e11d6b,0.011329470517212309
ck_862c7953bdea48b0,0.017813851051100706
ck_392cf2cdd515c34d,0.006512062030261736
ck_80eb91b0b4001084,0.10025076653449827
ck_5923f53b77193a58,0.05788466778218789
ck_8049f5fce32be185,0.6941399074131424
ck_ebc5a2c6cf88e252,0.013945397935932531
ck_9ea5872f14cce338,0.00788877105841131
ck_f7fbc95ebf584379,0.009327878160401919
ck_bafe82c870356706,0.9706092847018051
ck_278b36c5932d9bff,0.0031664940621673435
ck_6a892dd5d05c1649,0.003978442404091157
ck_0734fd90b2cabd43,0.007002801343607379
ck_9b552204498b6762,0.017286841672079237
ck_f6c909c205767956,0.03667660341216877
ck_32f590e87bc3d715,0.003979816014578993
ck_66a8325f28be7562,0.10988300368430669
ck_b129261da9c3c3c9,0.014305055239929164
ck_a524071c51ddde20,0.016130245640707207
ck_ba576d6d4cb6130b,0.07711464149240385
ck_8d8226520722af78,0.3115945576257408
ck_c5b0f0d4f1655a20,0.022951273110052926
ck_61814ae9b6d8eab1,0.009864935819077646
ck_382ebf136f7fa337,0.15371901582111508
ck_423ff4ede6a9f066,0.010147872638777535
ck_546ad962d04b7de4,0.9756433764702006
ck_9473ea4a01c95f9a,0.02114047202346171
ck_9eb1da8cd35a50ce,0.006004089044655765
ck_de5eaa2cdbcb67ff,0.08153503317850343
ck_537cc97d0398c922,0.028817339181955212
ck_998475a2e4dfad4e,0.0066977657865187916
ck_e62eb708d2688fae,0.032087449214125395
ck_ea623358f704daa7,0.06987088420724132
ck_b911a09f328dfd4b,0.004171339449053109
ck_4b3506b624e5193c,0.06907285971624624
ck_448456f96788713b,0.020259661519319856
ck_5d5ef9e75f65d076,0.09134798272696062
ck_3b74512f774a6e5a,0.014408180747611275
ck_a032e8ac1507c6df,0.922905074433559
ck_7e2d6b22a0ae20c2,0.009490426032939987
ck_d80283209c963f11,0.008077106492654616
ck_d1157eade2ac3975,0.008956193597578703
ck_be48f583f79427f7,0.01412633005194774
ck_0027b5d4107d65d8,0.027382692198961413
ck_94fff69584dd3b2a,0.01621660800139081
ck_75fcda73f0b43557,0.009744492991531135
ck_a1c78972e4ee4082,0.03818442430328132
ck_f0982bbdbd122f91,0.017349199379392614
ck_3199b471575aeb3a,0.006466727792210176
ck_7fa947a0b1c1cf74,0.00794579240971031
ck_a60c618b7f0e4252,0.004250814883818642
ck_722ac47c8ac9b6c3,0.2668644748740797
ck_d44dc3839a195c8a,0.07535030856073287
ck_a2c3e82fab520483,0.006551267966924794
ck_6f8ae0319c07cafe,0.0041871664263067624
ck_49886ff1e2c759d6,0.0412042671187001
ck_150a1108f936e6b0,0.01017585887786666
ck_e21f9f96f597695b,0.00751620277921551
ck_7297bff2b7fdcbc8,0.002075300571493249
ck_ee949c71f4f702eb,0.9710188522249126
ck_6fc37dea4b4f35c6,0.06775213499896603
ck_e76257caa98dc25d,0.8589932444766716
ck_828eef2334e17b3a,0.03216454417137108
ck_604e1b8a8c693aa7,0.002894743214022748
ck_7743c9fe037d1f9e,0.006861038648858908
ck_864a11202e19e812,0.13386200275041457
ck_4ec040b9e3785e4a,0.003431274723783584
ck_7346e4f820d9c00a,0.8957967756782699
ck_48d4d63beb26b623,0.005918312936341516
ck_c423aa6de3ed1e01,0.010110136404811162
ck_d74b2ead8aaa3f73,0.02840653707590023
ck_1dd69a11daa7bf1a,0.012104290095497695
ck_d9143e236eef177f,0.012039085204022259
ck_f790d91e5ff0eccd,0.24998269682973764
ck_69b5620e00ef5dec,0.004025465276422267
ck_cd32e58e8a1c0e85,0.0124927478326415
ck_064013b0957d87a5,0.9770497056212766
ck_a481385c2e60dc4a,0.015291861799077055
ck_d72035cb29db3aa4,0.018918140854916308
ck_3759939a0205306d,0.007641809865608204
ck_f437a53fc832ec95,0.6709749326500403
ck_260ef2f3e6434819,0.10925462689821075
ck_35e411b05d22f663,0.006196808289610326
ck_8bf46e472f3e20de,0.06943198951795207
ck_d546994fc5d3e9d1,0.02739379166822713
ck_6ff0fc7487e737e7,0.6322659698180303
ck_5c67f27816ae0b6f,0.016530554129948163
ck_c5517923458106ae,0.006666581487075258
ck_d9735647a6b0b0a7,0.2836102131678198
ck_541a734fc457246f,0.035941549622464694
ck_2f6a639468f41043,0.007612076054627586
ck_bea2cf7a6b7bb900,0.0028500063168087992
ck_7eebd0e6ad6c070e,0.008685690720750996
ck_b64c87d5e3b10e6a,0.8948373020385572
ck_9dd7daacb7833233,0.00923171604559466
ck_396e9ea9a6c6d7d9,0.035406452847693344
ck_1645e6cc53fa99ff,0.017245756969475133
ck_ea2a83ccb8d57490,0.007482891559482768
ck_e64f0df63e1be595,0.03761532757640065
ck_fa0b234481cb57d3,0.009860147422623132
ck_63379e3c9fe6f711,0.10797375222213147
ck_c67f7944896a0310,0.037641232059872354
ck_c10e54c9db29e6ef,0.9607270712479465
ck_7184ad7709ae4c80,0.013805255883103466
ck_f8b6069d7577fde6,0.010470365820932796
ck_18444be153bac1ca,0.803693921844048
ck_d0982b4e0e118e4d,0.0044813382237812475
ck_6faf3e6820398866,0.01355141845958156
ck_97e980463aca4644,0.004176765181386699
ck_630c835243c66b19,0.9763250648313281
ck_fe429ba3e1aa0e4f,0.021683031910552965
ck_1058129ed7b48c59,0.010683232596651998
ck_04a1a46f07885296,0.01310510445700912
ck_f01e94331067edf6,0.016549372247416438
ck_77b2fb17c29f5e72,0.00938365905796451
ck_4f0c5857da45fb28,0.12921550456479336
ck_2cfb9a7775e8a5bc,0.9421903964404413
ck_6846100e43659bf3,0.005091705885131269
ck_f89719a854fe11d7,0.02435326792454573
ck_bf47375e41ca3bc0,0.0044095831798355856
ck_2770b0400a7bef08,0.06722900708109321
ck_2a09d142de1c77ff,0.013077812493790609
ck_857a1f5547b9ad68,0.0135365523758126
ck_185f15b1523bbcf4,0.005262661070930693
ck_ab2aed614ec1cdf8,0.04301330795999167
ck_a9e7f3b2d5dfd97b,0.006503892855688047
ck_0eeb3d9b3e697edb,0.012953851200287945
ck_fa5830d81bc8ddc1,0.00335854499121838
ck_231ae0329ebc3220,0.004382487843802151
ck_1587763dd54688c9,0.06100845068415426
ck_9f85fea4490c00cf,0.005702903100294163
ck_a2d709e7eb91e4af,0.04140257463458447
ck_43637d28c7216453,0.0046684134561061925
ck_f3ab5dd853d38252,0.040275431209863724
ck_4a1f0172d3bf4fd3,0.006370672576238368
ck_517620ca16505af0,0.004373128243064311
ck_9ae904fbef56065c,0.005562698123437211
ck_d5ef1f6e34bb35b8,0.1331752079869872
ck_ff42557857ae3aeb,0.0023766658344839945
ck_ad9a18f58589faa7,0.005936707518857582
ck_df1a6edaa3e6b271,0.010947939640010822
ck_99021fe7225b5a68,0.04816495328497856
ck_99e52c3c2530b69e,0.9802352749746053
ck_3a4811dc4a1a891d,0.008859600914666027
ck_ba3a6be026c87079,0.004293590669572972
ck_da6d1e5cf6aba6fd,0.0075662736606346885
ck_ddc7c1f3d45fe6e6,0.015343840567535643
ck_e1b1e7a7e4a15b3e,0.0036412406822261645
ck_8288f7f226e08b89,0.005674951220870523
ck_c4524993ec31dbe5,0.0036974406764450165
ck_8b19bb5b23b6741c,0.020483268892875127
ck_d21b38231a8a9f4a,0.058762905078779876
ck_3f730318a9792292,0.01402465063246022
ck_a4db6e94a8f77f9d,0.04142974470140647
ck_a8cac8d480306839,0.00272602600987098
ck_5472214011fbc2a7,0.007369099088042004
ck_7356f47dbbbe7904,0.0059282770476514
ck_16801e628e883d78,0.015826090731602366
ck_0dc1e536231c4860,0.03528466041893819
ck_7cd0634a6e60af83,0.024759584684940803
ck_ef6f8e048ae1bd4b,0.009863121718238011
ck_82f3f744209888ac,0.030656187865718505
ck_f33188c232a03526,0.09934429276200975
ck_4a59f4e10bf45d7f,0.004083718488144769
ck_d96c893721385e4e,0.0037230160551090675
ck_f65ab819373edb37,0.018186313253631684
ck_21cac21fc10b7768,0.006480760287574919
ck_139b54e6ccbdd7da,0.30485326024018083
ck_d6f5c8741697abb3,0.008501763805898396
ck_a28d9bb5590d458f,0.07815359334896403
ck_ed26d906883bea0a,0.004982881743852208
ck_227602ad072b838b,0.002676722342979585
ck_39d5f6c17c745ab1,0.003075920348721535
ck_744eade757ba69b5,0.05226648110367254
ck_c1295d97cdf35ec2,0.01112003541116468
ck_69105f881da3c821,0.012555865678949098
ck_933789b55361d7c1,0.7711929850494146
ck_b667952253503174,0.0054673181059500696
ck_7bf668e25abeeb05,0.011990297922017792
ck_91742711dfdffd56,0.02555071465231299
ck_af32a0660090dd68,0.026222723436300516
ck_2122f201e65f76ee,0.016627760074717664
ck_f48acb73a5d6af07,0.03503897542231697
ck_337c5684510cf432,0.03212097997578795
ck_f7bde7265053364d,0.007517203484338691
ck_c190c7b924edba75,0.07877158964397082
ck_044fa3b3a003f0b5,0.019673024014071692
ck_87eb43e3b9d96169,0.06008268976798805
ck_2d3d6c9364362017,0.0038597646814714725
ck_ac55dc6cbcdf8228,0.010452931376460504
ck_61d7b0568ec5d6cf,0.013740382695563451
ck_89c74feeaffa7d09,0.004343123457870603
ck_93776b0c113f41f0,0.03679660979179496
ck_15e0b679931f7a8d,0.0060686882570155695
ck_77b56c49cfdb1d81,0.06802354026702737
ck_73188a826b5f499f,0.020068636087879215
ck_4f463ef25325ddfa,0.321552935495348
ck_863db2e394dc47d1,0.9540233575837549
ck_d52432ed597f3cc9,0.004869294897769416
ck_04fb61e5739642f8,0.07113730389433716
ck_2e481d75d110c06d,0.35547435249878667
ck_3fa1a523d77cd619,0.02958212488345402
ck_466dc6274fecd708,0.011164096399511044
ck_e1790b3aa2241b10,0.876766139345745
ck_84ad096a46e1a960,0.018209656554751586
ck_3be72c9c178fa00d,0.060473541357835454
ck_5a17c89219d1d9fe,0.020832735421914314
ck_4f639f4ee6ce8d9e,0.0460698480317163
ck_f4ec4a935e51b4db,0.044716409223271074
ck_f04040a830f92bac,0.005860943454062193
ck_3e4d02a04be2aaf8,0.03443426031110868
ck_4d1baef193cfb900,0.01428550686976422
ck_0fb3153d37626b75,0.002488874853031034
ck_88ec57a11b11f702,0.9631715907153182
ck_dca9dc465f759db4,0.0050052545398729135
ck_64f5fba6af67e024,0.05987191753242764
ck_896096cb167254ef,0.07510587377717695
ck_7878679065876b98,0.019504981650499527
ck_fe8e5a6c880ceb4e,0.013401791742985746
ck_a5e036327d3d1862,0.00199897144583972
ck_310f73940fc4cf4f,0.03800380882514709
ck_46a8db16ad00b749,0.03944164404944116
ck_0d33977c3de8cfaf,0.9795843641973538
ck_c6fff412f531db0f,0.003601708872007441
ck_bac6dadf428eaea9,0.02689727828720216
ck_1b96d9af0d7da2d5,0.005851745891545543
ck_fa8a4a9e77799fcc,0.0039562971699422115
ck_0bf48607a874b4d1,0.002956961205620496
ck_eeb75f8a6439f65e,0.011009707277433082
ck_a209a5f7d172125e,0.011906112453501878
ck_8f346b72fb40bf14,0.007300730110260511
ck_bccbf9fef367f00f,0.0075247589392104675
ck_2d1548f1ee405cc9,0.0069617412630602026
ck_e8298ff2dc1e9d50,0.005857821320262562
ck_77c0fb524edb4a94,0.006706012879878271
ck_28ac4c5134cb8e77,0.03208195708157044
ck_db23a0e3e54be60c,0.8005178474231135
ck_a059d00cee5cee99,0.01025765234950311
ck_3e9e3bba8bd363af,0.0028894771311423545
ck_0428728df24cdab4,0.06930725694965223
ck_88cd35378075c84f,0.004166566654958924
ck_0174d76398d9dc0f,0.015126300422281745
ck_3f1287e6c27de0dc,0.01814594183310812
ck_ff822700f3605e06,0.9852886045970031
ck_4563227b2038ae07,0.0440250633642993
ck_788e78065526ee19,0.0128634705858879
ck_8a16eb584093b12f,0.0036617100965394027
ck_cc276f71ab6c08fd,0.019006786330645446
ck_d61d97b21002f3e9,0.12925078588692396
ck_4b2e87d86a5e415c,0.01248666785807975
ck_3e6f35e4500d2f2a,0.0067801361849506225
ck_3acdb083e0d8ad61,0.0040078129604911375
ck_cd655202db489010,0.002951966187500885
ck_829cbf5ccda481ae,0.009697192217447219
ck_f5882e6f98b8b4cd,0.0023034426437525462
ck_767947540b234add,0.012426912886035087
ck_a6e8e8f535b1f1d1,0.03913346687105623
ck_58412a2674fea506,0.023397928753238498
ck_fae7e518a585fa61,0.06677758533020003
ck_9c60ae6958d68dbd,0.07313270495245888
ck_328696b8f5e54ec6,0.0201498952256353
ck_7df3f8f4f1068d62,0.005091187074387503
ck_cfadd21458230ef7,0.007509662064549383
ck_7048bedd554c703b,0.005322854750323683
ck_50422466f145bfd7,0.003656647827042265
ck_61e1f7168cd9ff25,0.04509123703558628
ck_733aff0f56f5b3c9,0.027988592990162195
ck_e14892e424180549,0.0023995263593215004
ck_03f6664a96de7d0f,0.012912813400930657
ck_b7f4baa2cc82fe61,0.00348330911357163
ck_1e51199a075ca0fa,0.0031453452940096733
ck_0e70516fa07cfb17,0.9106451753827295
ck_0f37c554a5057801,0.6606654825475824
ck_5576b725de38d106,0.014876471025241665
ck_82f360df1e9f4eb8,0.05256568589715201
ck_395f3bd4aacd7ca6,0.013559256536441924
ck_5e8e857b63966609,0.11740658554518141
ck_93470896f0804b6b,0.8640327724726438
ck_3be854e42e76569a,0.006918861812455998
ck_0567302c57a2417e,0.06851957195865958
ck_ee535461b5f05539,0.8149574981223372
ck_94a096c36162a153,0.007326967477795626
ck_dfc8f5c141fd7c63,0.03196933323828315
ck_98b34f2d704c1c2a,0.01979155324360379
ck_96dff7a09d45f116,0.08731683537830871
ck_79557434c129ba52,0.00668330976713219
ck_4596624a7c01d501,0.011104615748328
ck_04e89fbd739243fa,0.0037437627133822685
ck_6149ffaf18872dc8,0.004025131495997787
ck_cd78f0832a09bd8f,0.8164292527103347
ck_7e29c10d781c3b41,0.02616922225217167
ck_1f7ee7b23fc6f2f4,0.003945132036869384
ck_c49b685d2b3ab89a,0.007833288987634813
ck_84569a8fc50e73ac,0.006867208403483539
ck_b92b11d205af91eb,0.0023002036795334285
ck_06280e6d6d2485b0,0.010707395073385558
ck_3c08546dd0c92863,0.007132923540747795
ck_99d3983f907828bf,0.00905578086124585
ck_eccfd552aa652d3c,0.010679363709366597
ck_0cff8153881875ba,0.010434521298667348
ck_c1aebbeca6ab5ff9,0.011394114471848606
ck_538fdbbb3c2bcbbb,0.007243089469053928
ck_8c0210322733c718,0.019759983550414476
ck_0b0c93039f987abc,0.007697470661294205
ck_6d07d6d1bd227d37,0.03286110106482485
ck_9b6ee35e8cd0b11c,0.005164446831057302
ck_d838491d3d4f5ecf,0.005150448135606878
ck_0593ae243a9ebee9,0.013544246813936888
ck_ef261fc09be8eb0b,0.005223647858324566
ck_d0935b571a4a3868,0.011303214542682818
ck_97d04a67a104af39,0.030548046492966247
ck_e25f70d0b7229420,0.020170084777829143
ck_9b71274ff83de482,0.9367701048375503
ck_6de2aa2bb60978d3,0.014040169916025984
ck_eda55c8fb47593d7,0.00529056582136872
ck_924e572517515f19,0.8603064700638704
ck_d6f27eacbad310f4,0.008039049999797314
ck_8550f229b5eb03ab,0.006873134236035179
ck_e3e95546a84d0ed8,0.03056528765991553
ck_3135c019696ee6af,0.9547475482911704
ck_41ba315d8fccb559,0.012334647176750126
ck_72b86e4485da2d0f,0.9748112509371424
ck_daaa995f3c2f0e47,0.011488418648207785
ck_053746067839696b,0.03336703251635514
ck_a15fe7d0f4b65c33,0.8212598749697497
ck_15de11438732bb05,0.016380259827564646
ck_2c4d25acbe3fabd9,0.09973312216637042
ck_7f08078908599bd2,0.033585103474555324
ck_e794741742fb2619,0.004825555852766176
ck_238e53b6dee8c301,0.005467512687696659
ck_53a6a33060d5c8b8,0.005141317820736121
ck_0e0919292ad33472,0.9504704911016939
ck_d86ccf148c06c8c8,0.052957020174650385
ck_c881f26c9bf9ae42,0.2839818327423765
ck_4b0947bf94e9d847,0.03850395870969161
ck_e10ff5c38bd18470,0.007406210758641522
ck_b60de9e97aad9e45,0.9505965017812991
ck_190bc849e5ff5401,0.014450510625611864
ck_e7be077aa0b2632c,0.003968689946398292
ck_a51abde881ebeff3,0.019901375328603154
ck_2208392a9f6bd249,0.027775484240112412
ck_0259da8f109017e9,0.006193593805438223
ck_05e01ab9c95449da,0.01223555438785775
ck_c82897ebffb6ae66,0.0037972654234678456
ck_b4a6bb4689cd7cfa,0.022417500452792463
ck_9e21ea33018ce538,0.0822682442086594
ck_caa348f0e65db062,0.9675556369991565
ck_a964e6b5d8415334,0.14984322822133966
ck_510bfbbee37ff436,0.019632563509009025
ck_9741a82faf5c7889,0.07214190394825983
ck_e7f61b4a39ba98ac,0.002561882213705303
ck_069d158665a53909,0.026394688674697367
ck_6426427efe3228af,0.02794692181854822
ck_ab4a8d02ec3c0fd7,0.0018921694118824192
ck_aefa0d8d933e0eca,0.05156917388170593
ck_232325ef6bce92f1,0.004648639563091651
ck_14e58c3fb26a2b4d,0.029768339573704818
ck_06e73afdec26aecc,0.11726356978198729
ck_3168f4f2778d64e1,0.01113935262112137
ck_ff3998d6858daa21,0.004018854306905328
ck_bccff46fb0868454,0.08061785978109305
ck_c7d444d90fa86d7c,0.4046425805066849
ck_f0bc3bdee6bfbb94,0.023529320478987443
ck_f7112818a6d81422,0.07628922254633987
ck_aca35dbcb835ad02,0.030646057140561556
ck_f637fabf0f60528f,0.15600313699584822
ck_53d17ab97de1ac3e,0.006414575280231329
ck_c8c1bf16d9113493,0.03695165429314873
ck_e842fb0cf055a83b,0.04642082550988289
ck_93c0cb3dac4891fe,0.006426921679735996
ck_0c1f088e17e46daf,0.017552747996851612
ck_8f4b384955bf57c9,0.01769049899344899
ck_09cd5c4df1e81ac2,0.2646032583358312
ck_1e832a5b2342554f,0.018158361560607884
ck_2cb763a881aee27f,0.004247009112539155
ck_5875828b11406398,0.029028607373572882
ck_48e84b0cb0b90fa7,0.01940662689878648
ck_833688de8629c5c0,0.00691899171165904
ck_117d78ccd5820f36,0.02566604223007078
ck_668ec61c4c39cae3,0.003290454936437839
ck_73a7794b659d7a34,0.0033460368497643133
ck_10f90d879209734f,0.011616691964042893
ck_d1d079913aa158bf,0.0024690660159857663
ck_01c631b38e8a9535,0.056090712437652304
ck_f6923088c17a04e2,0.07024582520214182
ck_b447badc9138987d,0.001892824179538014
ck_8b772caed8f1541c,0.01883108054593834
ck_5403c76fe68a08ba,0.371791579597774
ck_3e6833574edf1736,0.005929480865149787
ck_e527fbb9450a4581,0.9403499283772069
ck_cc90e219f1ebf390,0.005618209109524345
